"1;ñëîâà;ñëîâî;NOUN;_;Animacy=Inan|Case=Nom|Gender=Neut|Number=Plur;_;_;_;@vvp1934-words#@vvp1934#784.9#785.45"
"2;è;è;CCONJ;_;_;_;_;_;@vvp1934-words#@vvp1934#785.45#786.0"
"3;ìóçûêà;ìóçûêà;NOUN;_;Animacy=Inan|Case=Nom|Gender=Fem|Number=Sing;_;_;_;@vvp1934-words#@vvp1934#786.0#786.55"
"4;/;/;PUNCT;_;_;_;_;_;@vvp1934-words#@vvp1934#786.55#787.1"
"5;ïåñíÿ;ïåñíÿ;NOUN;_;Animacy=Inan|Case=Nom|Gender=Fem|Number=Sing;_;_;_;@vvp1934-words#@vvp1934#787.1#787.65"
"6;ÿ;ÿ;PRON;_;Case=Nom|Number=Sing|Person=1;_;_;_;@vvp1934-words#@vvp1934#788.7#789.041"
"7;ïîíèìàþ;ïîíèìàòü;VERB;_;Aspect=Imp|Mood=Ind|Number=Sing|Person=1|Tense=Pres|VerbForm=Fin|Voice=Act;_;_;_;@vvp1934-words#@vvp1934#789.041#789.382"
"8;÷òî;÷òî;SCONJ;_;_;_;_;_;@vvp1934-words#@vvp1934#789.382#789.723"
"9;ýòî;ýòî;PRON;_;Case=Nom|Gender=Neut|Number=Sing;_;_;_;@vvp1934-words#@vvp1934#789.723#790.064"
"10;äóðàöêèé;äóðàöêèé;ADJ;_;Case=Nom|Degree=Pos|Gender=Masc|Number=Sing;_;_;_;@vvp1934-words#@vvp1934#790.064#790.405"
"11;âîïðîñ;âîïðîñ;NOUN;_;Animacy=Inan|Case=Nom|Gender=Masc|Number=Sing;_;_;_;@vvp1934-words#@vvp1934#790.405#790.746"
"12;/;/;PUNCT;_;_;_;_;_;@vvp1934-words#@vvp1934#790.746#791.087"
"13;íî;íî;CCONJ;_;_;_;_;_;@vvp1934-words#@vvp1934#791.087#791.428"
"14;âñ¸-òàêè;âñ¸-òàêè;PART;_;_;_;_;_;@vvp1934-words#@vvp1934#791.428#791.769"
"15;äëÿ;äëÿ;ADP;_;_;_;_;_;@vvp1934-words#@vvp1934#791.769#792.11"
"16;âàñ;âû;PRON;_;Case=Gen|Number=Plur|Person=2;_;_;_;@vvp1934-words#@vvp1934#792.11#792.451"
"17;ëè÷íî;ëè÷íî;ADV;_;Degree=Pos;_;_;_;@vvp1934-words#@vvp1934#792.451#792.8"
"18;÷òî;÷òî;SCONJ;_;_;_;_;_;@vvp1934-words#@vvp1934#794.2#795.15"
"19;ïåðâè÷íåå;ïåðâè÷íûé;ADJ;_;Case=Acc|Degree=Cmp|Number=Sing;_;_;_;""""""@vvp1934-words#@vvp1934#795.15#796.1 """
"20;?;?;PUNCT;_;_;_;_;_;""""""@vvp1934-words#@vvp1934#795.15#797.1"""""""
"21;ÿ;ÿ;PRON;_;Case=Nom|Number=Sing|Person=1;_;_;_;@vvp1934-words#@vvp1934#814.5#814.818"
"22;ê;ê;ADP;_;_;_;_;_;@vvp1934-words#@vvp1934#814.818#815.136"
"23;÷åìó;÷òî;PRON;_;Case=Dat;_;_;_;@vvp1934-words#@vvp1934#815.136#815.454"
"24;ãîâîðþ;ãîâîðèòü;VERB;_;Aspect=Imp|Mood=Ind|Number=Sing|Person=1|Tense=Pres|VerbForm=Fin|Voice=Act;_;_;_;@vvp1934-words#@vvp1934#815.454#815.772"
"25;/;/;PUNCT;_;_;_;_;_;@vvp1934-words#@vvp1934#815.772#816.09"
"26;âîò;âîò;PART;_;_;_;_;_;@vvp1934-words#@vvp1934#816.09#816.408"
"27;åñëè;åñëè;SCONJ;_;_;_;_;_;@vvp1934-words#@vvp1934#816.408#816.726"
"28;âçÿòü;âçÿòü;VERB;_;Aspect=Perf|VerbForm=Inf|Voice=Act;_;_;_;@vvp1934-words#@vvp1934#816.726#817.044"
"29;ïåñíþ;ïåñíÿ;NOUN;_;Animacy=Inan|Case=Acc|Gender=Fem|Number=Sing;_;_;_;@vvp1934-words#@vvp1934#817.044#817.362"
"30;/;/;PUNCT;_;_;_;_;_;@vvp1934-words#@vvp1934#817.362#817.68"
"31;ëþáóþ;ëþáîé;ADJ;_;Case=Acc|Degree=Pos|Gender=Fem|Number=Sing;_;_;_;@vvp1934-words#@vvp1934#817.68#818.0"
"32;è;è;CCONJ;_;_;_;_;_;@vvp1934-words#@vvp1934#820.1#820.475"
"33;èãðàòü;èãðàòü;VERB;_;Aspect=Imp|VerbForm=Inf|Voice=Act;_;_;_;@vvp1934-words#@vvp1934#820.475#820.85"
"34;/;/;PUNCT;_;_;_;_;_;@vvp1934-words#@vvp1934#820.85#821.225"
"35;â;â;ADP;_;_;_;_;_;@vvp1934-words#@vvp1934#821.225#821.6"
"36;/;/;PUNCT;_;_;_;_;_;@vvp1934-words#@vvp1934#821.6#821.975"
"37;âîò;âîò;PART;_;_;_;_;_;@vvp1934-words#@vvp1934#821.975#822.35"
"38;ìîæíî;ìîæíî;ADV;_;Degree=Pos;_;_;_;@vvp1934-words#@vvp1934#822.35#822.725"
"39;ñëóøàòü;ñëóøàòü;VERB;_;Aspect=Imp|VerbForm=Inf|Voice=Act;_;_;_;@vvp1934-words#@vvp1934#822.725#823.1"
"40;òîëüêî;òîëüêî;PART;_;_;_;_;_;@vvp1934-words#@vvp1934#823.1#823.475"
"41;ìóçûêó;ìóçûêà;NOUN;_;Animacy=Inan|Case=Acc|Gender=Fem|Number=Sing;_;_;_;@vvp1934-words#@vvp1934#823.475#823.85"
"42;/;/;PUNCT;_;_;_;_;_;@vvp1934-words#@vvp1934#823.85#824.225"
"43;è;è;CCONJ;_;_;_;_;_;@vvp1934-words#@vvp1934#824.225#824.6"
"44;ìîæíî;ìîæíî;ADV;_;Degree=Pos;_;_;_;@vvp1934-words#@vvp1934#824.6#824.975"
"45;/;/;PUNCT;_;_;_;_;_;@vvp1934-words#@vvp1934#824.975#825.35"
"46;ïðî÷èòàòü;ïðî÷èòàòü;VERB;_;Aspect=Perf|VerbForm=Inf|Voice=Act;_;_;_;@vvp1934-words#@vvp1934#825.35#825.725"
"47;èëè;èëè;CCONJ;_;_;_;_;_;@vvp1934-words#@vvp1934#825.725#826.1"
"48;ñëóøàòü;ñëóøàòü;VERB;_;Aspect=Imp|VerbForm=Inf|Voice=Act;_;_;_;@vvp1934-words#@vvp1934#826.1#826.475"
"49;÷òåíèå;÷òåíèå;NOUN;_;Animacy=Inan|Case=Nom|Gender=Neut|Number=Sing;_;_;_;@vvp1934-words#@vvp1934#826.475#826.85"
"50;òîëüêî;òîëüêî;PART;_;_;_;_;_;@vvp1934-words#@vvp1934#826.85#827.225"
"51;ñëîâ;ñëîâî;NOUN;_;Animacy=Inan|Case=Gen|Gender=Neut|Number=Plur;_;_;_;@vvp1934-words#@vvp1934#827.225#827.6"
"52;íó;íó;PART;_;_;_;_;_;@vvp1934-words#@vvp1934#830.004#830.292"
"53;âîò;âîò;PART;_;_;_;_;_;@vvp1934-words#@vvp1934#830.292#830.58"
"54;ñêàæåì;ñêàæåì;ADV;_;_;_;_;_;@vvp1934-words#@vvp1934#830.58#830.868"
"55;åñëè;åñëè;SCONJ;_;_;_;_;_;@vvp1934-words#@vvp1934#830.868#831.156"
"56;âçÿòü;âçÿòü;VERB;_;Aspect=Perf|VerbForm=Inf|Voice=Act;_;_;_;@vvp1934-words#@vvp1934#831.156#831.444"
"57;Âûñîöêîãî;Âûñîöêèé;PROPN;_;Animacy=Anim|Case=Acc|Gender=Masc|Number=Sing;_;_;_;@vvp1934-words#@vvp1934#831.444#831.732"
"58;/;/;PUNCT;_;_;_;_;_;@vvp1934-words#@vvp1934#831.732#832.02"
"59;ê;ê;ADP;_;_;_;_;_;@vvp1934-words#@vvp1934#832.02#832.308"
"60;ïðèìåðó;ïðèìåð;NOUN;_;Animacy=Inan|Case=Dat|Gender=Masc|Number=Sing;_;_;_;@vvp1934-words#@vvp1934#832.308#832.603"
"61;òî;òî;SCONJ;_;_;_;_;_;@vvp1934-words#@vvp1934#834.0#834.312"
"62;íà;íà;ADP;_;_;_;_;_;@vvp1934-words#@vvp1934#834.312#834.624"
"63;ìîé;ìîé;PRON;_;Case=Nom|Gender=Masc|Number=Sing;_;_;_;@vvp1934-words#@vvp1934#834.624#834.936"
"64;âçãëÿä;âçãëÿä;NOUN;_;Animacy=Inan|Case=Nom|Gender=Masc|Number=Sing;_;_;_;@vvp1934-words#@vvp1934#834.936#835.248"
"65;/;/;PUNCT;_;_;_;_;_;@vvp1934-words#@vvp1934#835.248#835.56"
"66;ñëîâà;ñëîâî;NOUN;_;Animacy=Inan|Case=Nom|Gender=Neut|Number=Plur;_;_;_;@vvp1934-words#@vvp1934#835.56#835.872"
"67;ñèëüíåå;ñèëüíûé;ADV;_;Degree=Cmp;_;_;_;@vvp1934-words#@vvp1934#835.872#836.184"
"68;ìóçûêè;ìóçûêà;NOUN;_;Animacy=Inan|Case=Gen|Gender=Fem|Number=Sing;_;_;_;@vvp1934-words#@vvp1934#836.184#836.5"
"69;çà÷àñòóþ;çà÷àñòóþ;ADV;_;Degree=Pos;_;_;_;@vvp1934-words#@vvp1934#836.6#836.966"
"70;/;/;PUNCT;_;_;_;_;_;@vvp1934-words#@vvp1934#836.966#837.332"
"71;äà;äà;PART;_;_;_;_;_;""""""@vvp1934-words#@vvp1934#837.332#837.7"""
"72;?;?;PUNCT;;;_;_;_;""""""@vvp1934-words#@vvp1934#837.332#838.1"""
"73;õîòÿ;õîòÿ;SCONJ;_;_;_;_;_;@vvp1934-words#@vvp1934#838.2#838.528"
"74;/;/;PUNCT;_;_;_;_;_;@vvp1934-words#@vvp1934#838.528#838.856"
"75;âñ¸;âñ¸;ADV;_;Degree=Pos;_;_;_;@vvp1934-words#@vvp1934#838.856#839.184"
"76;ðàâíî;ðàâíî;ADV;_;Degree=Pos;_;_;_;@vvp1934-words#@vvp1934#839.184#839.512"
"77;ýòî;ýòî;PRON;_;Animacy=Inan|Case=Nom|Gender=Neut|Number=Sing;_;_;_;@vvp1934-words#@vvp1934#839.512#839.84"
"78;ñèëüíûå;ñèëüíûé;ADJ;_;Case=Nom|Degree=Pos|Number=Plur;_;_;_;@vvp1934-words#@vvp1934#839.84#840.168"
"79;âåùè;âåùü;NOUN;_;Animacy=Inan|Case=Nom|Gender=Fem|Number=Plur;_;_;_;@vvp1934-words#@vvp1934#840.168#840.5"
"80;à;à;CCONJ;_;_;_;_;_;@vvp1934-words#@vvp1934#841.1#841.37"
"81;åñëè;åñëè;SCONJ;_;_;_;_;_;@vvp1934-words#@vvp1934#841.37#841.64"
"82;âçÿòü;âçÿòü;VERB;_;Aspect=Perf|VerbForm=Inf|Voice=Act;_;_;_;@vvp1934-words#@vvp1934#841.64#841.91"
"83;Áóëàòà;Áóëàò;PROPN;_;Animacy=Inan|Case=Acc|Gender=Musc|Number=Sing;_;_;_;@vvp1934-words#@vvp1934#841.91#842.18"
"84;Îêóäæàâó;Îêóäæàâà;PROPN;_;Animacy=Anim|Case=Acc|Gender=Musc|Number=Sing;_;_;_;@vvp1934-words#@vvp1934#842.18#842.45"
"85;/;/;PUNCT;_;_;_;_;_;@vvp1934-words#@vvp1934#842.45#842.72"
"86;òóò;òóò;ADV;_;Degree=Pos;_;_;_;@vvp1934-words#@vvp1934#842.72#842.99"
"87;÷¸ðò;÷¸ðò;NOUN;_;Animacy=Anim|Case=Acc|Gender=Masc|Number=Sing;_;_;_;@vvp1934-words#@vvp1934#842.99#843.26"
"88;åãî;îí;PRON;_;Case=Acc|Gender=Masc|Number=Sing|Person=3;_;_;_;@vvp1934-words#@vvp1934#843.26#843.53"
"89;çíàåò;çíàòü;VERB;_;Aspect=Imp|Mood=Ind|Number=Sing|Person=3|Tense=Pres|VerbForm=Fin|Voice=Act;_;_;_;@vvp1934-words#@vvp1934#843.53#843.8"
"90;/;/;PUNCT;_;_;_;_;_;@vvp1934-words#@vvp1934#843.8#844.07"
"91;ìîæåò;ìîæåò;ADV;_;_;_;_;_;@vvp1934-words#@vvp1934#844.07#844.34"
"92;òîæå;òîæå;PART;_;_;_;_;_;@vvp1934-words#@vvp1934#844.34#844.61"
"93;ñëîâà;ñëîâî;NOUN;_;Animacy=Inan|Case=Nom|Gender=Neut|Number=Plur;_;_;_;@vvp1934-words#@vvp1934#844.61#844.88"
"94;ñèëüíåå;ñèëüíûé;ADJ;_;Degree=Cmp;_;_;_;@vvp1934-words#@vvp1934#844.88#845.15"
"95;÷åì;÷åì;SCONJ;_;_;_;_;_;@vvp1934-words#@vvp1934#845.15#845.42"
"96;ñëîâà;ñëîâî;NOUN;_;Animacy=Inan|Case=Nom|Gender=Neut|Number=Plur;_;_;_;@vvp1934-words#@vvp1934#845.42#845.7"
"97;ñëîâà;ñëîâî;NOUN;_;Animacy=Inan|Case=Nom|Gender=Neut|Number=Sing;_;_;_;@vvp1934-words#@vvp1934#846.2#846.4"
"98;òî;òî;CCONJ;_;_;_;_;_;@vvp1934-words#@vvp1934#847.6#847.911"
"99;åñòü;åñòü;INTJ;_;Aspect=Imp|Mood=Ind|Number=Sing|Person=3|Tense=Pres|VerbForm=Fin|Voice=Act;_;_;_;@vvp1934-words#@vvp1934#847.911#848.222"
"100;ìì;ìì;INTJ;_;_;_;_;_;@vvp1934-words#@vvp1934#848.222#848.533"
"101;/;/;PUNCT;_;_;_;_;_;@vvp1934-words#@vvp1934#848.533#848.844"
"102;âîò;âîò;PART;_;_;_;_;_;@vvp1934-words#@vvp1934#848.844#849.155"
"103;ìì;ìì;INTJ;_;_;_;_;_;@vvp1934-words#@vvp1934#849.155#849.466"
"104;/;/;PUNCT;_;_;_;_;_;@vvp1934-words#@vvp1934#849.466#849.777"
"105;äëÿ;äëÿ;ADP;_;_;_;_;_;@vvp1934-words#@vvp1934#849.777#850.088"
"106;âàñ;âû;PRON;_;Case=Gen|Number=Plur|Person=2;_;_;_;@vvp1934-words#@vvp1934#850.088#850.4"
"107;íåò;íåò;PART;_;_;_;_;_;@vvp1934-words#@vvp1934#858.0#858.45"
"108;íåò;íåò;PART;_;_;_;_;_;@vvp1934-words#@vvp1934#858.45#858.9"
"109;íî;íî;CCONJ;_;_;_;_;_;@vvp1934-words#@vvp1934#863.6#863.85"
"110;âû;âû;PRON;_;Case=Nom|Number=Plur|Person=2;_;_;_;@vvp1934-words#@vvp1934#863.85#864.1"
"111;æå;æå;PART;_;_;_;_;_;@vvp1934-words#@vvp1934#864.1#864.35"
"112;ñàìè;ñàì;PRON;_;Case=Nom|Degree=Pos|Number=Plur|Person=2;_;_;_;@vvp1934-words#@vvp1934#864.35#864.6"
"113;ïèøåòå;ïèñàòü;VERB;_;Aspect=Imp|Mood=Ind|Number=Plur|Person=2|VerbForm=Fin|Voice=Act;_;_;_;@vvp1934-words#@vvp1934#864.6#864.85"
"114;ñëîâà;ñëîâî;NOUN;_;Animacy=Inan|Case=Acc|Gender=Neut|Number=Plur;_;_;_;@vvp1934-words#@vvp1934#864.85#865.1"
"115;ê;ê;ADP;_;_;_;_;_;@vvp1934-words#@vvp1934#865.1#865.35"
"116;ñâîèì;ñâîé;DET;_;Case=Dat|Number=Plur;_;_;_;@vvp1934-words#@vvp1934#865.35#865.6"
"117;ïåñíÿì;ïåñíÿ;NOUN;_;Animacy=Inan|Case=Dat|Gender=Fem|Number=Plur;_;_;_;@vvp1934-words#@vvp1934#865.6#865.9"
"118;à;à;CCONJ;_;_;_;_;_;@vvp1934-words#@vvp1934#869.7#869.957"
"119;÷òî;÷òî;PRON;_;Case=Acc;_;_;_;@vvp1934-words#@vvp1934#869.957#870.214"
"120;çíà÷èò;çíà÷èòü;VERB;_;Aspect=Imp|Mood=Ind|Number=Sing|Person=3|Tense=Pres|VerbForm=Fin|Voice=Act;_;_;_;@vvp1934-words#@vvp1934#870.214#870.471"
"121;íå;íå;PART;_;_;_;_;_;@vvp1934-words#@vvp1934#870.471#870.728"
"122;ñ÷èòàåòå;ñ÷èòàòü;VERB;_;Aspect=Imp|Mood=Ind|Number=Plur|Person=2|Tense=Pres|VerbForm=Fin|Voice=Act;_;_;_;@vvp1934-words#@vvp1934#870.728#870.985"
"123;ñåáÿ;ñåáÿ;PRON;_;Case=Acc;_;_;_;@vvp1934-words#@vvp1934#870.985#871.242"
"124;ïîýòîì;ïîýòîì;NOUN;_;Animacy=Anim|Case=Ins|Gender=Masc|Number=Sing;_;_;_;""""""@vvp1934-words#@vvp1934#871.242#871.5"""
"125;?;?;PUNCT;_;_;_;_;_;""""""@vvp1934-words#@vvp1934#871.242#872.6"""
"126;à;à;CCONJ;_;_;_;_;_;@vvp1934-words#@vvp1934#874.5#874.866"
"127;âîò;âîò;PART;_;_;_;_;_;@vvp1934-words#@vvp1934#874.866#875.232"
"128;òàê;òàê;PART;_;_;_;_;_;""""""@vvp1934-words#@vvp1934#875.232#875.6"""
"129;?;?;PUNCT;_;_;_;_;_;""""""@vvp1934-words#@vvp1934#875.232#900.6"""
"130;âîò;âîò;PART;_;_;_;_;_;@vvp1934-words#@vvp1934#902.5#902.836"
"131;ÿ;ÿ;PRON;_;Case=Nom|Number=Sing|Person=1;_;_;_;@vvp1934-words#@vvp1934#902.836#903.172"
"132;âñåãäà;âñåãäà;ADV;_;Degree=Pos;_;_;_;@vvp1934-words#@vvp1934#903.172#903.508"
"133;ãîâîðþ;ãîâîðèòü;VERB;_;Aspect=Imp|Mood=Ind|Number=Sing|Person=1|Tense=Pres|VerbForm=Fin|Voice=Act;_;_;_;@vvp1934-words#@vvp1934#903.508#903.844"
"134;/;/;PUNCT;_;_;_;_;_;@vvp1934-words#@vvp1934#903.844#904.18"
"135;ìîëîäûì;ìîëîäîé;ADJ;_;Case=Dat|Degree=Pos|Number=Plur;_;_;_;@vvp1934-words#@vvp1934#904.18#904.516"
"136;æóðíàëèñòàì;æóðíàëèñò;NOUN;_;Animacy=Anim|Case=Dat|Gender=Masc|Number=Plur;_;_;_;@vvp1934-words#@vvp1934#904.516#904.852"
"137;/;/;PUNCT;_;_;_;_;_;@vvp1934-words#@vvp1934#904.852#905.188"
"138;îñîáåííî;îñîáåííî;ADV;_;Degree=Pos;_;_;_;@vvp1934-words#@vvp1934#905.188#905.524"
"139;òåëåâèçèîííûì;òåëåâèçèîííûé;ADJ;_;Case=Dat|Degree=Pos|Gender=Masc|Number=Plur;_;_;_;@vvp1934-words#@vvp1934#905.524#905.86"
"140;ïîòîìó;ïîòîìó;ADV;_;Degree=Pos;_;_;_;@vvp1934-words#@vvp1934#905.86#906.196"
"141;÷òî;÷òî;SCONJ;_;_;_;_;_;@vvp1934-words#@vvp1934#906.196#906.532"
"142;òå;òîò;ADJ;_;Case=Nom|Degree=Pos|Gender=Masc|Number=Plur;_;_;_;@vvp1934-words#@vvp1934#906.532#906.868"
"143;êòî;êòî;PRON;_;Case=Nom;_;_;_;@vvp1934-words#@vvp1934#906.868#907.204"
"144;èäóò;èäòè;VERB;_;Aspect=Imp|Mood=Ind|Number=Plur|Person=3|Tense=Pres|VerbForm=Fin|Voice=Act;_;_;_;@vvp1934-words#@vvp1934#907.204#907.54"
"145;íà;íà;ADP;_;_;_;_;_;@vvp1934-words#@vvp1934#907.54#907.876"
"146;òåëåâèäåíèå;òåëåâèäåíèå;NOUN;_;Animacy=Inan|Case=Acc|Gender=Neut|Number=Sing;_;_;_;@vvp1934-words#@vvp1934#907.876#908.212"
"147;÷àùå;÷àùå;ADV;_;Degree=Cmp;_;_;_;@vvp1934-words#@vvp1934#908.212#908.548"
"148;âñåãî;âñåãî;ADV;_;Degree=Pos;_;_;_;@vvp1934-words#@vvp1934#908.548#908.884"
"149;èäóò;èäòè;VERB;_;Aspect=Imp|Mood=Ind|Number=Plur|Person=3|Tense=Pres|VerbForm=Fin|Voice=Act;_;_;_;@vvp1934-words#@vvp1934#908.884#909.22"
"150;çà;çà;ADP;_;_;_;_;_;@vvp1934-words#@vvp1934#909.22#909.556"
"151;ñëàâîé;ñëàâà;NOUN;_;Animacy=Inan|Case=Ins|Gender=Fem|Number=Sing;_;_;_;@vvp1934-words#@vvp1934#909.556#909.9"
"152;ÿ;ÿ;PRON;_;Case=Nom|Number=Sing|Person=1;_;_;_;@vvp1934-words#@vvp1934#911.4#911.723"
"153;èì;îíè;PRON;_;Case=Dat|Number=Plur|Person=3;_;_;_;@vvp1934-words#@vvp1934#911.723#912.046"
"154;ãîâîðþ;ãîâîðèòü;VERB;_;Aspect=Imp|Mood=Ind|Number=Sing|Person=1|Tense=Pres|VerbForm=Fin|Voice=Act;_;_;_;@vvp1934-words#@vvp1934#912.046#912.369"
"155;èìåéòå;èìåòü;VERB;_;Aspect=Imp|Mood=Imp|Number=Plur|Person=2|VerbForm=Fin|Voice=Act;_;_;_;@vvp1934-words#@vvp1934#912.369#912.692"
"156;ââèäó;ââèäó;ADP;_;_;_;_;_;@vvp1934-words#@vvp1934#912.692#913.015"
"157;÷òî;÷òî;PRON;_;Case=Nom;_;_;_;@vvp1934-words#@vvp1934#913.015#913.338"
"158;/;/;PUNCT;_;_;_;_;_;@vvp1934-words#@vvp1934#913.338#913.661"
"159;àà;à;INTJ;_;_;_;_;_;@vvp1934-words#@vvp1934#913.661#913.984"
"160;êîíå÷íî;êîíå÷íî;ADV;_;Degree=Pos;_;_;_;@vvp1934-words#@vvp1934#913.984#914.307"
"161;âû;âû;PRON;_;Case=Nom|Number=Plur|Person=2;_;_;_;@vvp1934-words#@vvp1934#914.307#914.63"
"162;ñòàíåòå;ñòàòü;VERB;_;Aspect=Imp|Mood=Ind|Number=Plur|Person=2|Tense=Fut|VerbForm=Fin|Voice=Act;_;_;_;@vvp1934-words#@vvp1934#914.63#914.953"
"163;èçâåñòíûìè;èçâåñòíûé;ADJ;_;Case=Ins|Degree=Pos|Number=Plur;_;_;_;@vvp1934-words#@vvp1934#914.953#915.276"
"164;î÷åíü;î÷åíü;ADV;_;Degree=Pos;_;_;_;@vvp1934-words#@vvp1934#915.276#915.599"
"165;áûñòðî;áûñòðî;ADV;_;Degree=Pos;_;_;_;@vvp1934-words#@vvp1934#915.599#915.922"
"166;ïîòîìó;ïîòîìó;ADV;_;Degree=Pos;_;_;_;@vvp1934-words#@vvp1934#915.922#916.245"
"167;÷òî;÷òî;SCONJ;_;_;_;_;_;@vvp1934-words#@vvp1934#916.245#916.568"
"168;ýòî;ýòî;DET;_;Case=Nom|Gender=Neut|Number=Sing;_;_;_;@vvp1934-words#@vvp1934#916.568#916.891"
"169;ñâîéñòâî;ñâîéñòâî;NOUN;_;Animacy=Inan|Case=Nom|Gender=Neut|Number=Sing;_;_;_;@vvp1934-words#@vvp1934#916.891#917.214"
"170;òåëåâèçîðà;òåëåâèçîð;NOUN       ;_;Animacy=Inan|Case=Gen|Gender=Masc|Number=Sing;_;_;_;@vvp1934-words#@vvp1934#917.214#917.55"
"171;íî;íî;CCONJ;_;_;_;_;_;@vvp1934-words#@vvp1934#918.6#918.9"
"172;âàñ;âû;PRON;_;Case=Acc|Number=Plur|Person=2;_;_;_;@vvp1934-words#@vvp1934#918.9#919.2"
"173;çàáóäóò;çàáûòü;VERB;_;Aspect=Perf|Mood=Ind|Number=Plur|Person=3|Tense=Fut|VerbForm=Fin|Voice=Act;_;_;_;@vvp1934-words#@vvp1934#919.2#919.5"
"174;ñ;ñ;ADP;_;_;_;_;_;@vvp1934-words#@vvp1934#919.5#919.8"
"175;òàêîé;òàêîé;DET;_;Case=Ins|Gender=Fem|Number=Sing;_;_;_;@vvp1934-words#@vvp1934#919.8#920.1"
"176;æå;æå;PART;_;_;_;_;_;@vvp1934-words#@vvp1934#920.1#920.4"
"177;áûñòðîòîé;áûñòðîòà;NOUN;_;Animacy=Inan|Case=Ins|Gender=Fem|Number=Sing;_;_;_;@vvp1934-words#@vvp1934#920.4#920.7"
"178;êàê;êàê;SCONJ;_;_;_;_;_;@vvp1934-words#@vvp1934#920.7#921.0"
"179;òîëüêî;òîëüêî;PART;_;_;_;_;_;@vvp1934-words#@vvp1934#921.0#921.3"
"180;âû;âû;PRON;_;Case=Nom|Number=Plur|Person=2;_;_;_;@vvp1934-words#@vvp1934#921.3#921.6"
"181;óéä¸òå;óéòè;VERB;_;Aspect=Perf|Mood=Opt|Number=Plur|Person=2|VerbForm=Fin|Voice=Act;_;_;_;@vvp1934-words#@vvp1934#921.6#921.9"
"182;ñ;ñ;ADP;_;_;_;_;_;@vvp1934-words#@vvp1934#921.9#922.2"
"183;ýêðàíà;ýêðàí;NOUN;_;Animacy=Inan|Case=Gen|Gender=Masc|Number=Sing;_;_;_;@vvp1934-words#@vvp1934#922.2#922.5"
"184;/;/;PUNCT;_;_;_;_;_;@vvp1934-words#@vvp1934#922.5#922.8"
"185;âñ¸;âñ¸;PRON;_;Animacy=Inan|Case=Acc|Gender=Neut|Number=Sing;_;_;_;@vvp1934-words#@vvp1934#922.8#923.1"
"186;/;/;PUNCT;_;_;_;_;_;@vvp1934-words#@vvp1934#923.1#923.4"
"187;âàñ;âû;PRON;_;Case=Acc|Number=Plur|Person=2;_;_;_;@vvp1934-words#@vvp1934#923.4#923.7"
"188;çàáóäóò;çàáûòü;VERB;_;Aspect=Perf|Mood=Ind|Number=Plur|Person=3|Tense=Fut|VerbForm=Fin|Voice=Act;_;_;_;@vvp1934-words#@vvp1934#923.7#924.0"
"189;÷åðåç;÷åðåç;ADP;_;_;_;_;_;@vvp1934-words#@vvp1934#924.0#924.3"
"190;/;/;PUNCT;_;_;_;_;_;@vvp1934-words#@vvp1934#924.3#924.6"
"191;íóó;íó;PART;_;_;_;_;_;@vvp1934-words#@vvp1934#924.6#924.9"
"192;/;/;PUNCT;_;_;_;_;_;@vvp1934-words#@vvp1934#924.9#925.2"
"193;ïîëãîäà;ïîëãîäà;NOUN;_;Animacy=Inan|Case=Nom|Gender=Neut|Number=Sing;_;_;_;@vvp1934-words#@vvp1934#925.2#925.5"
"194;ýòî;ýòî;PRON;_;Animacy=Inan|Case=Nom|Gender=Neut|Number=Sing;_;_;_;@vvp1934-words#@vvp1934#925.5#925.8"
"195;òî÷íî;òî÷íî;ADV;_;Degree=Pos;_;_;_;@vvp1934-words#@vvp1934#925.8#926.1"
"196;/;/;PUNCT;_;_;_;_;_;@vvp1934-words#@vvp1934#926.1#926.4"
"197;ãîä;ãîä;NOUN;_;Animacy=Inan|Case=Acc|Gender=Masc|Number=Sing;_;_;_;@vvp1934-words#@vvp1934#926.4#926.7"
"198;òàê;òàê;PART;_;_;_;_;_;@vvp1934-words#@vvp1934#926.7#927.0"
"199;âîîáùå;âîîáùå;ADV;_;Degree=Pos;_;_;_;@vvp1934-words#@vvp1934#927.0#927.3"
"200;ïîòîìó;ïîòîìó;ADV;_;Degree=Pos;_;_;_;@vvp1934-words#@vvp1934#928.6#928.914"
"201;÷òî;÷òî;SCONJ;_;_;_;_;_;@vvp1934-words#@vvp1934#928.914#929.228"
"202;ìû;ìû;PRON;_;Case=Nom|Number=Plur|Person=1;_;_;_;@vvp1934-words#@vvp1934#929.228#929.542"
"203;íè÷åãî;íè÷òî;PRON;_;Case=Gen|Gender=Neut|Number=Sing;_;_;_;@vvp1934-words#@vvp1934#929.542#929.856"
"204;íå;íå;PART;_;_;_;_;_;@vvp1934-words#@vvp1934#929.856#930.17"
"205;ñîçäà¸ì;ñîçäàâàòü;VERB;_;Aspect=Imp|Mood=Ind|Number=Plur|Person=1|Tense=Pres|VerbForm=Fin|Voice=Act;_;_;_;@vvp1934-words#@vvp1934#930.17#930.484"
"206;/;/;PUNCT;_;_;_;_;_;@vvp1934-words#@vvp1934#930.484#930.798"
"207;ìû;ìû;PRON;_;Case=Nom|Number=Plur|Person=1;_;_;_;@vvp1934-words#@vvp1934#930.798#931.112"
"208;íå;íå;PART;_;_;_;_;_;@vvp1934-words#@vvp1934#931.112#931.426"
"209;ïèøåì;ïèñàòü;VERB;_;Aspect=Imp|Mood=Ind|Number=Plur|Person=1|Tense=Pres|VerbForm=Fin|Voice=Act;_;_;_;@vvp1934-words#@vvp1934#931.426#931.74"
"210;êíèã;êíèãà;NOUN;_;Animacy=Inan|Case=Gen|Gender=Fem|Number=Plur;_;_;_;@vvp1934-words#@vvp1934#931.74#932.054"
"211;/;/;PUNCT;_;_;_;_;_;@vvp1934-words#@vvp1934#932.054#932.368"
"212;ìû;ìû;PRON;_;Case=Nom|Number=Plur|Person=1;_;_;_;@vvp1934-words#@vvp1934#932.368#932.682"
"213;íå;íå;PART;_;_;_;_;_;@vvp1934-words#@vvp1934#932.682#932.996"
"214;ðèñóåì;ðèñîâàòü;VERB;_;Aspect=Imp|Mood=Ind|Number=Plur|Person=1|Tense=Pres|VerbForm=Fin|Voice=Act;_;_;_;@vvp1934-words#@vvp1934#932.996#933.31"
"215;êàðòèí;êàðòèíà;NOUN;_;Animacy=Inan|Case=Gen|Gender=Fem|Number=Plur;_;_;_;@vvp1934-words#@vvp1934#933.31#933.624"
"216;/;/;PUNCT;_;_;_;_;_;@vvp1934-words#@vvp1934#933.624#933.938"
"217;ìû;ìû;PRON;_;Case=Nom|Number=Plur|Person=1;_;_;_;@vvp1934-words#@vvp1934#933.938#934.252"
"218;íå;íå;PART;_;_;_;_;_;@vvp1934-words#@vvp1934#934.252#934.566"
"219;ñî÷èíÿåì;ñî÷èíÿòü;VERB;_;Aspect=Imp|Mood=Ind|Number=Plur|Person=1|Tense=Pres|VerbForm=Fin|Voice=Act;_;_;_;@vvp1934-words#@vvp1934#934.566#934.88"
"220;ìóçûêè;ìóçûêà;NOUN;_;Animacy=Inan|Case=Gen|Gender=Fem|Number=Sing;_;_;_;@vvp1934-words#@vvp1934#934.88#935.194"
"221;/;/;PUNCT;_;_;_;_;_;@vvp1934-words#@vvp1934#935.194#935.508"
"222;ïîýòîìó;ïîýòîìó;ADV;_;Degree=Pos;_;_;_;@vvp1934-words#@vvp1934#935.508#935.822"
"223;äà;äà;PART;_;_;_;_;_;@vvp1934-words#@vvp1934#935.822#936.136"
"224;âîò;âîò;PART;_;_;_;_;_;@vvp1934-words#@vvp1934#936.136#936.45"
"225;ýòî;ýòî;PRON;_;Animacy=Inan|Case=Nom|Gender=Neut|Number=Sing;_;_;_;@vvp1934-words#@vvp1934#936.45#936.764"
"226;òåëåâèçîð;òåëåâèçîð;NOUN;_;Animacy=Inan|Case=Nom|Gender=Masc|Number=Sing;_;_;_;@vvp1934-words#@vvp1934#936.764#937.1"
"227;àáñîëþòíî;àáñîëþòíî;ADV;_;Degree=Pos;_;_;_;@vvp1934-words#@vvp1934#938.25#938.573"
"228;ñèþìèíóòíûå;ñèþìèíóòíûé;ADJ;_;Case=Nom|Degree=Pos|Number=Plur;_;_;_;@vvp1934-words#@vvp1934#938.573#938.896"
"229;/;/;PUNCT;_;_;_;_;_;@vvp1934-words#@vvp1934#938.896#939.219"
"230;è;è;CCONJ;_;_;_;_;_;@vvp1934-words#@vvp1934#939.219#939.542"
"231;ïîýòîìó;ïîýòîìó;ADV;_;Degree=Pos;_;_;_;@vvp1934-words#@vvp1934#939.542#939.865"
"232;/;/;PUNCT;_;_;_;_;_;@vvp1934-words#@vvp1934#939.865#940.188"
"233;ÿ;ÿ;PRON;_;Case=Nom|Number=Sing|Person=1;_;_;_;@vvp1934-words#@vvp1934#940.188#940.511"
"234;ãîâîðþ;ãîâîðèòü;VERB;_;Aspect=Ind|Mood=Ind|Number=Sing|Person=1|Tense=Pres|VerbForm=Fin|Voice=Act;_;_;_;@vvp1934-words#@vvp1934#940.511#940.834"
"235;ïðîñòî;ïðîñòî;PART;_;_;_;_;_;@vvp1934-words#@vvp1934#940.834#941.157"
"236;èìåéòå;èìåòü;VERB;_;Aspect=Imp|Mood=Imp|Number=Plur|Person=2|VerbForm=Fin|Voice=Act;_;_;_;@vvp1934-words#@vvp1934#941.157#941.48"
"237;ââèäó;ââèäó;ADP;_;_;_;_;_;@vvp1934-words#@vvp1934#941.48#941.803"
"238;÷òî;÷òî;PRON;_;Case=Acc;_;_;_;@vvp1934-words#@vvp1934#941.803#942.126"
"239;åñëè;åñëè;SCONJ;_;_;_;_;_;@vvp1934-words#@vvp1934#942.126#942.449"
"240;ïîêàçàòü;ïîêàçàòü;VERB;_;Aspect=Perf|VerbForm=Inf|Voice=Act;_;_;_;@vvp1934-words#@vvp1934#942.449#942.772"
"241;/;/;PUNCT;_;_;_;_;_;@vvp1934-words#@vvp1934#942.772#943.095"
"242;ëîø...;ëîøàäèíóþ;ADJ;_;Case=Acc|Degree=Pos|Gender=Fem|Number=Sing;_;_;_;@vvp1934-words#@vvp1934#943.095#943.418"
"243;ëîøàäèíóþ;ëîøàäèíûé;ADJ;_;Case=Acc|Degree=Pos|Gender=Fem|Number=Sing;_;_;_;@vvp1934-words#@vvp1934#943.418#943.741"
"244;çàäíèöó;çàäíèöà;NOUN;_;Animacy=Inan|Case=Acc|Gender=Fem|Number=Sing;_;_;_;@vvp1934-words#@vvp1934#943.741#944.064"
"245;/;/;PUNCT;_;_;_;_;_;@vvp1934-words#@vvp1934#944.064#944.387"
"246;êàæäûé;êàæäûé;DET;_;Case=Acc|Gender=Masc|Number=Sing;_;_;_;@vvp1934-words#@vvp1934#944.387#944.71"
"247;äåíü;äåíü;NOUN;_;Animacy=Inan|Case=Acc|Gender=Masc|Number=Sing;_;_;_;@vvp1934-words#@vvp1934#944.71#945.033"
"248;íà;íà;ADP;_;_;_;_;_;@vvp1934-words#@vvp1934#945.033#945.356"
"249;ýêðàíå;ýêðàí;NOUN;_;Animacy=Inan|Case=Loc|Gender=Masc|Number=Sing;_;_;_;@vvp1934-words#@vvp1934#945.356#945.679"
"250;å¸;îíà;PRON;_;Case=Gen|Gender=Fem|Number=Sing|Person=3;_;_;_;@vvp1934-words#@vvp1934#945.679#946.002"
"251;òîæå;òîæå;PART;_;_;_;_;_;@vvp1934-words#@vvp1934#946.002#946.325"
"252;áóäóò;áûòü;AUX;_;Aspect=Imp|Mood=Ind|Number=Plur|Person=3|Tense=Pres|VerbForm=Fin|Voice=Act;_;_;_;@vvp1934-words#@vvp1934#946.325#946.648"
"253;óçíàâàòü;óçíàâàòü;VERB;_;Aspect=Imp|VerbForm=Inf|Voice=Act;_;_;_;@vvp1934-words#@vvp1934#946.648#946.971"
"254;à;à;CCONJ;_;_;_;_;_;@vvp1934-words#@vvp1934#946.971#947.294"
"255;ïîòîì;ïîòîì;ADV;_;Degree=Pos;_;_;_;@vvp1934-words#@vvp1934#947.294#947.617"
"256;òàê;òàê;ADV;_;Degree=Pos;_;_;_;@vvp1934-words#@vvp1934#947.617#947.94"
"257;æå;æå;PART;_;_;_;_;_;@vvp1934-words#@vvp1934#947.94#948.263"
"258;çàáóäóò;çàáûòü;VERB;_;Aspect=Perf|Mood=Ind|Number=Plur|Person=3|Tense=Fut|VerbForm=Fin|Voice=Act;_;_;_;@vvp1934-words#@vvp1934#948.263#948.6"
"259;âû;âû;PRON;_;Case=Nom|Number=Plur|Person=2;_;_;_;@vvp1934-words#@vvp1934#949.0#949.4"
"260;äðóãîå;äðóãîé;ADJ;_;Case=Nom|Degree=Pos|Gender=Neut|Number=Sing;_;_;_;@vvp1934-words#@vvp1934#949.4#949.8"
"261;äåëî;äåëî;NOUN;_;Animacy=Inan|Case=Nom|Gender=Neut|Number=Sing;_;_;_;@vvp1934-words#@vvp1934#949.8#950.2"
"262;/;/;PUNCT;_;_;_;_;_;@vvp1934-words#@vvp1934#950.2#950.6"
"263;âû;âû;PRON;_;Case=Nom|Number=Plur|Person=2;_;_;_;@vvp1934-words#@vvp1934#950.6#951.0"
"264;/;/;PUNCT;_;_;_;_;_;@vvp1934-words#@vvp1934#951.0#951.4"
"265;ñî÷èíÿåòå;ñî÷èíÿòü;VERB;_;Aspect=Imp|Mood=Ind|Number=Plur|Person=2|Tense=Pres|VerbForm=Fin|Voice=Act;_;_;_;@vvp1934-words#@vvp1934#951.4#951.8"
"266;/;/;PUNCT;_;_;_;_;_;@vvp1934-words#@vvp1934#951.8#952.2"
"267;âû;âû;PRON;_;Case=Nom|Number=Plur|Person=2;_;_;_;@vvp1934-words#@vvp1934#952.2#952.6"
"268;ïèøåòå;ïèñàòü;VERB;_;Aspect=Imp|Mood=Ind|Number=Plur|Person=2|Tense=Pres|VerbForm=Fin|Voice=Act;_;_;_;@vvp1934-words#@vvp1934#952.6#953.0"
"269;ïåñíè;ïåñíÿ;NOUN;_;Animacy=Inan|Case=Acc|Gender=Fem|Number=Plur;_;_;_;@vvp1934-words#@vvp1934#953.0#953.4"
"270;/;/;PUNCT;_;_;_;_;_;@vvp1934-words#@vvp1934#953.4#953.8"
"271;àà;àà;INTJ;_;_;_;_;_;@vvp1934-words#@vvp1934#953.8#954.2"
"272;/;/;PUNCT;_;_;_;_;_;@vvp1934-words#@vvp1934#954.2#954.6"
"273;èè;è;CCONJ;_;_;_;_;_;@vvp1934-words#@vvp1934#954.6#955.0"
"274;/;/;PUNCT;_;_;_;_;_;@vvp1934-words#@vvp1934#955.0#955.4"
"275;ÿ;ÿ;PRON;_;Case=Nom|Number=Sing|Person=1;_;_;_;@vvp1934-words#@vvp1934#955.4#955.8"
"276;âñåãäà;âñåãäà;ADV;_;Degree=Pos;_;_;_;@vvp1934-words#@vvp1934#955.8#956.2"
"277;äóìàþ;äóìàòü;VERB;_;Aspect=Imp|Mood=Ind|Number=Sing|Person=1|Tense=Pres|VerbForm=Fin|Voice=Act;_;_;_;@vvp1934-words#@vvp1934#956.2#956.6"
"278;/;/;PUNCT;_;_;_;_;_;@vvp1934-words#@vvp1934#956.6#957.0"
"279;àà;à;INTJ;_;_;_;_;_;@vvp1934-words#@vvp1934#957.0#957.4"
"280;/;/;PUNCT;_;_;_;_;_;@vvp1934-words#@vvp1934#957.4#957.8"
"281;î;î;ADP;_;_;_;_;_;@vvp1934-words#@vvp1934#957.8#958.2"
"282;òîì;òîò;PRON;_;Case=Loc|Gender=Masc|Number=Sing;_;_;_;@vvp1934-words#@vvp1934#958.2#958.6"
"283;÷òî;÷òî;SCONJ;_;_;_;_;_;@vvp1934-words#@vvp1934#958.6#959.0"
"284;ãîâîðèëè;ãîâîðèòü;VERB;_;Aspect=Imp|Mood=Ind|Number=Plur|Tense=Past|VerbForm=Fin|Voice=Act;_;_;_;@vvp1934-words#@vvp1934#959.0#959.4"
"285;äðåâíèå;äðåâíèé;ADJ;_;Case=Nom|Degree=Pos|Number=Plur;_;_;_;@vvp1934-words#@vvp1934#959.4#959.8"
"286;ðèìëÿíå;ðèìëÿíèí;NOUN;_;Animacy=Anim|Case=Nom|Gender=Masc|Number=Plur;_;_;_;@vvp1934-words#@vvp1934#959.8#960.2"
"287;ars;ars;X;_;Foreign=Yes;_;_;_;@vvp1934-words#@vvp1934#960.2#960.6"
"288;longa;longa;X;_;Foreign=Yes;_;_;_;@vvp1934-words#@vvp1934#960.6#961.0"
"289;vita;vita;X;_;Foreign=Yes;_;_;_;@vvp1934-words#@vvp1934#961.0#961.4"
"290;brevis;brevis;X;_;Foreign=Yes;_;_;_;@vvp1934-words#@vvp1934#961.4#961.8"
"291;/;/;PUNCT;_;_;_;_;_;@vvp1934-words#@vvp1934#961.8#962.2"
"292;äà;äà;PART;_;_;_;_;_;""""""@vvp1934-words#@vvp1934#962.2#962.6"""
"293;?;?;PUNCT;_;_;_;_;_;""""""@vvp1934-words#@vvp1934#962.2#962.9"""
"294;/;/;PUNCT;_;_;_;_;_;@vvp1934-words#@vvp1934#962.6#963.0"
"295;èñêóññòâî;èñêóññòâî;NOUN;_;Animacy=Inan|Case=Nom|Gender=Neut|Number=Sing;_;_;_;@vvp1934-words#@vvp1934#963.0#963.4"
"296;âå÷íî;âå÷íî;ADV;_;Degree=Pos;_;_;_;@vvp1934-words#@vvp1934#963.4#963.8"
"297;æèçíü;æèçíü;NOUN;_;Animacy=Inan|Case=Nom|Gender=Fem|Number=Sing;_;_;_;@vvp1934-words#@vvp1934#963.8#964.2"
"298;êîðîòêà;êîðîòêà;ADJ;_;Gender=Fem|Number=Sg;_;_;_;@vvp1934-words#@vvp1934#964.2#964.6"
"299;êàê;êàê;ADV;_;Degree=Pos;_;_;_;@vvp1934-words#@vvp1934#965.4#965.9"
"300;âû;âû;PRON;_;Case=Nom|Number=Plur|Person=2;_;_;_;@vvp1934-words#@vvp1934#965.9#966.4"
"301;äóìàåòå;äóìàòü;VERB;_;Aspect=Imp|Mood=Ind|Number=Plur|Person=2|Tense=Pres|VerbForm=Fin|Voice=Act;_;_;_;@vvp1934-words#@vvp1934#966.4#966.9"
"302;/;/;PUNCT;_;_;_;_;_;@vvp1934-words#@vvp1934#966.9#967.4"
"303;àà;à;INTJ;_;_;_;_;_;@vvp1934-words#@vvp1934#967.4#967.9"
"304;/;/;PUNCT;_;_;_;_;_;@vvp1934-words#@vvp1934#967.9#968.4"
"305;è;è;CCONJ;_;_;_;_;_;@vvp1934-words#@vvp1934#968.4#968.9"
"306;âîîáùå;âîîáùå;ADV;_;Degree=Pos;_;_;_;@vvp1934-words#@vvp1934#968.9#969.4"
"307;äóìàåòå;äóìàòü;VERB;_;Aspect=Imp|Mood=Ind|Number=Plur|Person=2|Tense=Pres|VerbForm=Fin|Voice=Act;_;_;_;@vvp1934-words#@vvp1934#969.4#969.9"
"308;ëè;ëè;PART;_;_;_;_;_;@vvp1934-words#@vvp1934#969.9#970.4"
"309;âû;âû;PRON;_;Case=Nom|Number=Plur|Person=2;_;_;_;@vvp1934-words#@vvp1934#970.4#970.9"
"310;îá;î;ADP;_;_;_;_;_;@vvp1934-words#@vvp1934#970.9#971.4"
"311;ýòîì;ýòî;PRON;_;Case=Loc|Gender=Neut|Number=Sing;_;_;_;""""""@vvp1934-words#@vvp1934#971.4#971.9"""
"312;?;?;PUNCT;_;_;_;_;_;""""""@vvp1934-words#@vvp1934#971.4#972.5"""
"313;àà;àà;INTJ;_;_;_;_;_;@vvp1934-words#@vvp1934#972.9#973.0"
"314;/;/;PUNCT;_;_;_;_;_;@vvp1934-words#@vvp1934#973.0#973.1"
"315;[íðçá];[íðçá];X;_;_;_;_;_;@vvp1934-words#@vvp1934#973.1#973.2"
"316;íó;íó;PART;_;_;_;_;_;@vvp1934-words#@vvp1934#973.7#973.99"
"317;íåò;íåò;PART;_;_;_;_;_;@vvp1934-words#@vvp1934#973.99#974.28"
"318;/;/;PUNCT;_;_;_;_;_;@vvp1934-words#@vvp1934#974.28#974.57"
"319;äóìàåòå;äóìàòü;VERB;_;Aspect=Imp|Mood=Ind|Number=Plur|Person=2|Tense=Pres|VerbForm=Fin|Voice=Act;_;_;_;@vvp1934-words#@vvp1934#974.57#974.86"
"320;ëè;ëè;PART;_;_;_;_;_;@vvp1934-words#@vvp1934#974.86#975.15"
"321;÷òî;÷òî;PRON;_;Animacy=Inan|Case=Nom|Gender=Neut|Number=Sing;_;_;_;@vvp1934-words#@vvp1934#975.15#975.44"
"322;âàñ;âû;PRON;_;Case=Acc|Number=Plur|Person=2;_;_;_;@vvp1934-words#@vvp1934#975.44#975.73"
"323;çàïîìíÿò;çàïîìíèòü;VERB;_;Aspect=Imp|Mood=Ind|Number=Plur|Person=3|Tense=Fut|VerbForm=Fin|Voice=Act;_;_;_;@vvp1934-words#@vvp1934#975.73#976.02"
"324;èëè;èëè;CCONJ;_;_;_;_;_;@vvp1934-words#@vvp1934#976.02#976.31"
"325;íåò;íåò;PART;_;_;_;_;_;@vvp1934-words#@vvp1934#976.31#976.6"
"326;íå;íå;PART;_;_;_;_;_;@vvp1934-words#@vvp1934#977.4#977.6"
"327;äóìàåòå;äóìàòü;VERB;_;Aspect=Imp|Mood=Ind|Number=Plur|Person=2|Nense=Pres|VerbForm=Fin|Voice=Act;_;_;_;""""""@vvp1934-words#@vvp1934#977.6#977.8"""
"328;?;?;PUNCT;_;_;_;_;_;""""""@vvp1934-words#@vvp1934#977.6#978.6"""
"329;íå;íå;PART;_;_;_;_;_;@vvp1934-words#@vvp1934#979.7#979.89"
"330;íó;íó;PART;_;_;_;_;_;@vvp1934-words#@vvp1934#979.89#980.08"
"331;ÿ;ÿ;PRON;_;Case=Nom|Number=Sing|Person=1;_;_;_;@vvp1934-words#@vvp1934#980.08#980.27"
"332;/;/;PUNCT;_;_;_;_;_;@vvp1934-words#@vvp1934#980.27#980.46"
"333;â;âåðþ;VERB;_;Aspect=Imp|Mood=Ind|Number=Sing|Person=1|Tense=Pres|VerbForm=Fin|Voice=Act;_;_;_;@vvp1934-words#@vvp1934#980.46#980.65"
"334;/;/;PUNCT;_;_;_;_;_;@vvp1934-words#@vvp1934#980.65#980.84"
"335;âåðþ;âåðèòü;VERB;_;Aspect=Imp|Mood=Ind|Number=Sing|Person=1|Tense=Pres|VerbForm=Fin|Voice=Act;_;_;_;@vvp1934-words#@vvp1934#980.84#981.03"
"336;÷òî;÷òî;PRON;_;Case=Acc;_;_;_;@vvp1934-words#@vvp1934#981.03#981.22"
"337;âû;âû;PRON;_;Case=Nom|Number=Plur|Person=2;_;_;_;@vvp1934-words#@vvp1934#981.22#981.41"
"338;èñêðåííå;èñêðåííå;ADV;_;Degree=Pos;_;_;_;@vvp1934-words#@vvp1934#981.41#981.6"
"339;ãîâîðèòå;ãîâîðèòü;VERB;_;Aspect=Imp|Mood=Ind|Number=Plur|Person=2|Tense=Pres|VerbForm=Fin|Voice=Act;_;_;_;@vvp1934-words#@vvp1934#981.6#981.8"
"340;äà;äà;PART;_;_;_;_;_;@vvp1934-words#@vvp1934#982.7#982.9"
"341;íó;íó;PART;_;_;_;_;_;@vvp1934-words#@vvp1934#984.9#985.179"
"342;à;à;CCONJ;_;_;_;_;_;@vvp1934-words#@vvp1934#985.179#985.458"
"343;òî;òî;PRON;_;Animacy=Inan|Case=Nom|Gender=Neut|Number=Sing;_;_;_;@vvp1934-words#@vvp1934#985.458#985.737"
"344;÷åì;÷òî;PRON;_;Animacy=Inan|Case=Ins|Gender=Neut|Number=Sing;_;_;_;@vvp1934-words#@vvp1934#985.737#986.016"
"345;çàíèìàåòåñü;çàíèìàòüñÿ;VERB;_;Aspect=Imp|Mood=Ind|Number=Plur|Person=2|Tense=Pres|VerbForm=Fin|Voice=Mid;_;_;_;@vvp1934-words#@vvp1934#986.016#986.295"
"346;/;/;PUNCT;_;_;_;_;_;@vvp1934-words#@vvp1934#986.295#986.574"
"347;ýòî;ýòî;PRON;_;Case=Nom|Gender=Neut|Number=Sing;_;_;_;@vvp1934-words#@vvp1934#986.574#986.853"
"348;èñêóññòâî;èñêóññòâî;NOUN;_;Animacy=Inan|Case=Nom|Gender=Neut|Number=Sing;_;_;_;@vvp1934-words#@vvp1934#986.853#987.132"
"349;ñ;ñ;ADP;_;_;_;_;_;@vvp1934-words#@vvp1934#987.132#987.411"
"350;âàøåé;âàø;PRON;_;Case=Ins|Gender=Fem|Number=Sing;_;_;_;@vvp1934-words#@vvp1934#987.411#987.69"
"351;òî÷êè;òî÷êà;NOUN;_;Animacy=Inan|Case=Gen|Gender=Fem|Number=Sing;_;_;_;@vvp1934-words#@vvp1934#987.69#987.969"
"352;çðåíèÿ;çðåíèå;PUNCT;_;Animacy=Inan|Case=Gen|Gender=Neut|Number=Sing;_;_;_;""""""@vvp1934-words#@vvp1934#987.969#988.25"""
"353;?;?;PUNCT;_;_;_;_;_;""""""@vvp1934-words#@vvp1934#987.969#988.6"""
"354;óãó;óãó;PART;_;_;_;_;_;@vvp1934-words#@vvp1934#999.5#999.9"
"355;÷óòü-÷óòü;÷óòü-÷óòü;Adv;_;Degree=Pos;_;_;_;@vvp1934-words#@vvp1934#1009.9#1010.483"
"356;ñìåíèì;ñìåíèòü ;VERB;_;Aspect=Perf|Mood=Ind|Number=Plur|Person=1|Tense=|VerbForm=Fin|Voice=Act;_;_;_;@vvp1934-words#@vvp1934#1010.483#1011.066"
"357;ðàêóðñ;ðàêóðñ;NOUN;_;Animacy=Inan|Case=Acc|Gender=Masc|Number=Sing;_;_;_;@vvp1934-words#@vvp1934#1011.066#1011.65"
"358;íåñêîëüêî;íåñêîëüêî;NUM;_;Animacy=Inan|Case=Acc;_;_;_;@vvp1934-words#@vvp1934#1012.0#1012.263"
"359;ëåò;ãîä;NOUN;_;Animacy=Inan|Case=Gen|Gender=Masc|Number=Plur;_;_;_;@vvp1934-words#@vvp1934#1012.263#1012.526"
"360;òîìó;òîò;PRON;_;Case=Dat|Gender=Neut|Number=Sing;_;_;_;@vvp1934-words#@vvp1934#1012.526#1012.789"
"361;íàçàä;íàçàä;ADV;_;Degree=Pos;_;_;_;@vvp1934-words#@vvp1934#1012.789#1013.052"
"362;âû;âû;PRON;_;Case=Nom|Number=Plur|Person=2;_;_;_;@vvp1934-words#@vvp1934#1013.052#1013.315"
"363;ðåøèëè;ðåøèòü;VERB;_;Aspect=Perf|Mood=Ind|Number=Plur|Person=2|Tense=Past|VerbForm=Fin|Voice=Act;_;_;_;@vvp1934-words#@vvp1934#1013.315#1013.578"
"364;/;/;PUNCT;_;_;_;_;_;@vvp1934-words#@vvp1934#1013.578#1013.841"
"365;÷òî;÷òî;SCONJ;_;_;_;_;_;@vvp1934-words#@vvp1934#1013.841#1014.104"
"366;âàì;âû;PRON;_;Case=Dat|Number=Plur|Person=2;_;_;_;@vvp1934-words#@vvp1934#1014.104#1014.367"
"367;íàäî;íàäî;PRED;_;_;_;_;_;@vvp1934-words#@vvp1934#1014.367#1014.63"
"368;ó÷èòüñÿ;ó÷èòüñÿ;VERB;_;Aspect=Imp|VerbForm=Inf|Voice=Mid;_;_;_;@vvp1934-words#@vvp1934#1014.63#1014.9"
"369;äà;äà;PART;_;_;_;_;_;@vvp1934-words#@vvp1934#1017.6#1017.75"
"370;/;/;PUNCT;_;_;_;_;_;@vvp1934-words#@vvp1934#1017.75#1017.9"
"371;äà;äà;PART;_;_;_;_;_;@vvp1934-words#@vvp1934#1017.9#1018.05"
"372;/;/;PUNCT;_;_;_;_;_;@vvp1934-words#@vvp1934#1018.05#1018.2"
"373;íî;íî;CCONJ;_;_;_;_;_;@vvp1934-words#@vvp1934#1018.2#1018.35"
"374;âñ¸-òàêè;âñ¸-òàêè;PART;_;_;_;_;_;@vvp1934-words#@vvp1934#1018.35#1018.5"
"375;è;è;PART;_;_;_;_;_;@vvp1934-words#@vvp1934#1018.9#1019.322"
"376;âû;âû;PRON;_;Case=Nom|Number=Plur|Person=2;_;_;_;@vvp1934-words#@vvp1934#1019.322#1019.744"
"377;ïîñòóïèëè;ïîñòóïèòü;VERB;_;Aspect=Perf|Mood=Ind|Number=Plur|Tense=Past|VerbForm=Fin|Voice=Act;_;_;_;@vvp1934-words#@vvp1934#1019.744#1020.166"
"378;íà;íà;ADP;_;_;_;_;_;@vvp1934-words#@vvp1934#1020.166#1020.588"
"379;ôèëîñîôñêèé;ôèëîñîôñêèé;ADJ;_;Animacy=Inan|Case=Acc|Degree=Pos|Gender=Masc|Number=Sing;_;_;_;@vvp1934-words#@vvp1934#1020.588#1021.01"
"380;ôàêóëüòåò;ôàêóëüòåò;NOUN;_;Animacy=Inan|Case=Acc|Gender=Masc|Number=Sing;_;_;_;@vvp1934-words#@vvp1934#1021.01#1021.432"
"381;Ìîñêîâñêîãî;Ìîñêîâñêèé;PROPN;_;Case=Gen|Degree=Pos|Number=Sg;_;_;_;@vvp1934-words#@vvp1934#1021.432#1021.854"
"382;Ãîñóäàðñòâåííîãî;Ãîñóäàðñòâåííûé;PROPN;_;Case=Gen|Degree=Pos|Number=Sg;_;_;_;@vvp1934-words#@vvp1934#1021.854#1022.276"
"383;Óíèâåðñèòåòà;Óíèâåðñèòåò;PROPN;_;Animacy=Inan|Case=Gen|Gender=Masc|Number=Sing;_;_;_;@vvp1934-words#@vvp1934#1022.276#1022.698"
"384;/;/;PUNCT;_;_;_;_;_;@vvp1934-words#@vvp1934#1022.698#1023.12"
"385;îêîí÷èëè;îêîí÷èòü;PUNCT;_;Aspect=Perf|Mood=Ind|Number=Plur|Tense=Past|VerbForm=Fin|Voice=Act;_;_;_;@vvp1934-words#@vvp1934#1023.12#1023.55"
"386;?;?;PUNCT;_;_;_;_;_;""""""@vvp1934-words#@vvp1934#1027.0#1026.15"""
"387;ñêîëüêî;ñêîëüêî;NUM;_;Case=Num;_;_;_;""""""@vvp1934-words#@vvp1934#1027.0#1027.599"""
"388;?;?;PUNCT;;;_;_;_;""""""@vvp1934-words#@vvp1934#1027.0#1028.357"""
"389;îäèí;îäèí;NUM;_;Case=Nom|Gender=Masc;_;_;_;@vvp1934-words#@vvp1934#1028.65#1028.983"
"390;/;/;PUNCT;_;_;_;_;_;@vvp1934-words#@vvp1934#1028.983#1029.316"
"391;#öîêàåò#;#öîêàåò#;X;_;_;_;_;_;@vvp1934-words#@vvp1934#1029.316#1029.649"
"392;/;/;PUNCT;_;_;_;_;_;@vvp1934-words#@vvp1934#1029.649#1029.982"
"393;ïîòîìó;ïîòîìó;ADV;_;Degree=Pos;_;_;_;@vvp1934-words#@vvp1934#1029.982#1030.315"
"394;÷òî;÷òî;PUNCT;_;_;_;_;_;""""""@vvp1934-words#@vvp1934#1030.315#1030.65"""
"395;?;?;PUNCT;_;_;_;_;_;""""""@vvp1934-words#@vvp1934#1030.315#1033.35"""
"396;äà;äà;PART;_;_;_;_;_;@vvp1934-words#@vvp1934#1037.4#1037.65"
"397;è;è;CCONJ;_;_;_;_;_;@vvp1934-words#@vvp1934#1043.25#1043.625"
"398;#îäíîâðåìåííî#;#îäíîâðåìåííî#;X;_;_;_;_;_;@vvp1934-words#@vvp1934#1043.625#1044.0"
"399;è;è;CCONJ;_;_;_;_;_;@vvp1934-words#@vvp1934#1044.65#1044.933"
"400;íå;íå;PART;_;_;_;_;_;@vvp1934-words#@vvp1934#1044.933#1045.216"
"401;âåðíóëèñü;âåðíóòüñÿ;VERB;_;Aspect=Perf|Mood=Ind|Number=Plur|Tense=Past|VerbForm=Fin|Voice=Mid;_;_;_;@vvp1934-words#@vvp1934#1045.216#1045.5"
"402;à;à;CCONJ;_;_;_;_;_;@vvp1934-words#@vvp1934#1048.15#1048.45"
"403;äà;äà;PART;_;_;_;_;_;""""""@vvp1934-words#@vvp1934#1048.45#1048.75"""
"404;?;?;PUNCT;_;_;_;_;_;""""""@vvp1934-words#@vvp1934#1048.45#1050.75"""
"405;äà;äà;PART;_;_;_;_;_;@vvp1934-words#@vvp1934#1058.6#1059.35"
"406;äà;äà;PART;_;_;_;_;_;@vvp1934-words#@vvp1934#1066.1#1066.3"
"407;íåóæåëè;íåóæåëè;PART;_;_;_;_;_;@vvp1934-words#@vvp1934#1072.1#1072.483"
"408;âû;âû;PRON;_;Case=Nom|Number=Plur|Person=2;_;_;_;@vvp1934-words#@vvp1934#1072.483#1072.866"
"409;ìíå;ÿ;PRON;_;Case=Dat|Number=Sing|Person=1;_;_;_;@vvp1934-words#@vvp1934#1072.866#1073.249"
"410;ñêàæåòå;ñêàçàòü;VERB;_;Aspect=Perf|Mood=Ind|Number=Plur|Person=2|Tense=Fut|VerbForm=Fin|Voice=Act;_;_;_;@vvp1934-words#@vvp1934#1073.249#1073.632"
"411;÷òî;÷òî;SCONJ;_;_;_;_;_;@vvp1934-words#@vvp1934#1073.632#1074.015"
"412;îíè;îíè;PRON;_;Case=Nom|Number=Plur|Person=3;_;_;_;@vvp1934-words#@vvp1934#1074.015#1074.398"
"413;íå;íå;PART;_;_;_;_;_;@vvp1934-words#@vvp1934#1074.398#1074.781"
"414;î÷åíü;î÷åíü;ADV;_;Degree=Pos;_;_;_;@vvp1934-words#@vvp1934#1074.781#1075.164"
"415;#îäíîâðåìåííî#;#îäíîâðåìåííî#;X;_;_;_;_;_;@vvp1934-words#@vvp1934#1075.164#1075.55"
"416;òàê;òàê;PART;_;_;_;_;_;@vvp1934-words#@vvp1934#1077.4#1077.9"
"417;íó;íó;PART;_;_;_;_;_;@vvp1934-words#@vvp1934#1080.3#1080.6"
"418;åñòåñòâåííî;åñòåñòâåííûé;ADV;_;Degree=Pos;_;_;_;@vvp1934-words#@vvp1934#1081.4#1081.9"
"419;òàê;òàê;PART;_;_;_;_;_;@vvp1934-words#@vvp1934#1086.8#1087.1"
"420;#öîêàåò#;#öîêàåò#;X;_;_;_;_;_;@vvp1934-words#@vvp1934#1097.2#1097.4"
"421;/;/;PUNCT;_;_;_;_;_;@vvp1934-words#@vvp1934#1097.4#1097.6"
"422;íó;íó;PART;_;_;_;_;_;@vvp1934-words#@vvp1934#1097.6#1097.8"
"423;äà;äà;PART;_;_;_;_;_;@vvp1934-words#@vvp1934#1097.8#1098.0"
"424;íó;íó;PART;_;_;_;_;_;@ztr1976-words#@ztr1976#797.2#797.488"
"425;ëó÷øèå;ëó÷øèé;ADJ;_;Case=Nom|Degree=Pos|Number=Plur;_;_;_;@ztr1976-words#@ztr1976#797.488#797.776"
"426;ïåñíè;ïåñíÿ;NOUN;_;Animacy=Inan|Case=Nom|Gender=Fem|Number=Plur;_;_;_;@ztr1976-words#@ztr1976#797.776#798.064"
"427;ïîëó÷àþòñÿ;ïîëó÷àòüñÿ;VERB;_;Aspect=Imp|Mood=Ind|Number=Plur|Person=3|Tense=Pres|VerbForm=Fin|Voice=Mid;_;_;_;@ztr1976-words#@ztr1976#798.064#798.352"
"428;êîãäà;êîãäà;SCONJ;_;_;_;_;_;@ztr1976-words#@ztr1976#798.352#798.64"
"429;òû;òû;PRON;_;Case=Nom|Number=Sing|Person=2;_;_;_;@ztr1976-words#@ztr1976#798.64#798.928"
"430;ñðàçó;ñðàçó;ADV;_;Degree=Pos;_;_;_;@ztr1976-words#@ztr1976#798.928#799.216"
"431;/;/;PUNCT;_;_;_;_;_;@ztr1976-words#@ztr1976#799.216#799.504"
"432;êîãäà;êîãäà;SCONJ;_;_;_;_;_;@ztr1976-words#@ztr1976#799.504#799.792"
"433;ê;ê;ADP;_;_;_;_;_;@ztr1976-words#@ztr1976#799.792#800.08"
"434;òåáå;òû;PRON;_;Case=Dat|Number=Sing|Person=2;_;_;_;@ztr1976-words#@ztr1976#800.08#800.368"
"435;ïðèõîäèò;ïðèõîäèòü;VERB;_;Aspect=Imp|Mood=Ind|Number=Sing|Person=3|Tense=Pres|VerbForm=Fin|Voice=Act;_;_;_;@ztr1976-words#@ztr1976#800.368#800.656"
"436;/;/;PUNCT;_;_;_;_;_;@ztr1976-words#@ztr1976#800.656#800.944"
"437;ýý;ýý;INTJ;_;_;_;_;_;@ztr1976-words#@ztr1976#800.944#801.232"
"438;/;/;PUNCT;_;_;_;_;_;@ztr1976-words#@ztr1976#801.232#801.52"
"439;ñðàçó;ñðàçó;ADV;_;Degree=Pos;_;_;_;@ztr1976-words#@ztr1976#801.52#801.808"
"440;/;/;PUNCT;_;_;_;_;_;@ztr1976-words#@ztr1976#801.808#802.096"
"441;ý;ý;INTJ;_;_;_;_;_;@ztr1976-words#@ztr1976#802.096#802.384"
"442;/;/;PUNCT;_;_;_;_;_;@ztr1976-words#@ztr1976#802.384#802.672"
"443;ìåëîäè÷åñêàÿ;ìåëîäè÷åñêèé;ADJ;_;Case=Nom|Degree=Pos|Gender=Fem|Number=Sing;_;_;_;@ztr1976-words#@ztr1976#802.672#802.96"
"444;/;/;PUNCT;_;_;_;_;_;@ztr1976-words#@ztr1976#802.96#803.248"
"445;ñòðî÷êà;ñòðî÷êà;NOUN;_;Animacy=Inan|Case=Nom|Gender=Fem|Number=Sing;_;_;_;@ztr1976-words#@ztr1976#803.248#803.536"
"446;âìåñòå;âìåñòå;ADV;_;Degree=Pos;_;_;_;@ztr1976-words#@ztr1976#803.536#803.824"
"447;ñ;ñ;ADP;_;_;_;_;_;@ztr1976-words#@ztr1976#803.824#804.112"
"448;òåêñòîì;òåêñò;NOUN;_;Animacy=Inan|Case=Ins|Gender=Masc|Number=Sing;_;_;_;@ztr1976-words#@ztr1976#804.112#804.4"
"449;ýòî;ýòî;PRON;_;Animacy=Inan|Case=Nom|Gender=Neut|Number=Sing;_;_;_;@ztr1976-words#@ztr1976#805.0#805.295"
"450;ìîæåò;ìîæåò;VERB;_;Aspect=Imp|Mood=Ind|Number=Sing|Person=1|Tense=Pres|VerbForm=Fin|Voice=Act;_;_;_;@ztr1976-words#@ztr1976#805.295#805.59"
"451;áûòü;áûòü;VERB;_;Aspect=Imp|VerbForm=Inf|Voice=Act;_;_;_;@ztr1976-words#@ztr1976#805.59#805.885"
"452;îäíà;îäèí;NUM;_;Case=Nom|Gender=Fem;_;_;_;@ztr1976-words#@ztr1976#805.885#806.18"
"453;ñòðî÷êà;ñòðî÷êà;NOUN;_;Animacy=Anim|Case=Nom|Gender=Fem|Number=Sing;_;_;_;@ztr1976-words#@ztr1976#806.18#806.475"
"454;/;/;PUNCT;_;_;_;_;_;@ztr1976-words#@ztr1976#806.475#806.77"
"455;íó;íó;PART;_;_;_;_;_;@ztr1976-words#@ztr1976#806.77#807.065"
"456;ìîæåò;ìî÷ü;VERB;_;Aspect=Imp|Mood=Ind|Number=Sing|Person=3|Tense=Pres|VerbForm=Fin|Voice=Act;_;_;_;@ztr1976-words#@ztr1976#807.065#807.36"
"457;áûòü;áûòü;VERB;_;Aspect=Imp|VerbForm=Inf|Voice=Act;_;_;_;@ztr1976-words#@ztr1976#807.36#807.655"
"458;ñðàçó;ñðàçó;ADV;_;Degree=Pos;_;_;_;@ztr1976-words#@ztr1976#807.655#807.95"
"459;÷åòûðå;÷åòûðå;NUM;_;Animacy=Inan|Case=Acc;_;_;_;@ztr1976-words#@ztr1976#807.95#808.25"
"460;#öîêàåò#;#öîêàåò#;X;_;_;_;_;_;@ztr1976-words#@ztr1976#809.7#809.947"
"461;è;è;CCONJ;_;_;_;_;_;@ztr1976-words#@ztr1976#809.947#810.194"
"462;ïîëó÷àþòñÿ;ïîëó÷àòüñÿ;VERB;_;Aspect=Imp|Mood=Ind|Number=Plur|Person=3|Tense=Pres|VerbForm=Fin|Voice=Mid;_;_;_;@ztr1976-words#@ztr1976#810.194#810.441"
"463;ëó÷øèå;ëó÷øèé;ADJ;_;Case=Nom|Degree=Pos|Number=Plur;_;_;_;@ztr1976-words#@ztr1976#810.441#810.688"
"464;ïåñíè;ïåñíÿ;NOUN;_;Animacy=Inan|Case=Nom|Gender=Fem|Number=Plur;_;_;_;@ztr1976-words#@ztr1976#810.688#810.935"
"465;/;/;PUNCT;_;_;_;_;_;@ztr1976-words#@ztr1976#810.935#811.182"
"466;íó;íó;PART;_;_;_;_;_;@ztr1976-words#@ztr1976#811.182#811.429"
"467;ëó÷øèå;ëó÷øèé;ADJ;_;Case=Nom|Degree=Pos|Number=Plur;_;_;_;@ztr1976-words#@ztr1976#811.429#811.676"
"468;ïåñíè;ïåñíÿ;NOUN;_;Animacy=Inan|Case=Nom|Gender=Fem|Number=Plur;_;_;_;@ztr1976-words#@ztr1976#811.676#811.923"
"469;òå;òîò;DET;_;Case=Nom|Number=Plur;_;_;_;@ztr1976-words#@ztr1976#811.923#812.17"
"470;êîòîðûå;êîòîðûé;PRON;_; Case=Nom;_;_;_;@ztr1976-words#@ztr1976#812.17#812.417"
"471;òû;òû;PRON;_;Case=Nom|Number=Sing|Person=2;_;_;_;@ztr1976-words#@ztr1976#812.417#812.664"
"472;íàïèñàë;ïèñàòü;VERB;_;Aspect=Perf|Gender=Masc|Mood=Ind|Number=Sing|Tense=Past|VerbForm=Fin|Voice=Act;_;_;_;@ztr1976-words#@ztr1976#812.664#812.911"
"473;î÷åíü;î÷åíü;ADV;_;Degree=Pos;_;_;_;@ztr1976-words#@ztr1976#812.911#813.158"
"474;áûñòðî;áûñòðî;ADV;_;Degree=Pos;_;_;_;@ztr1976-words#@ztr1976#813.158#813.405"
"475;/;/;PUNCT;_;_;_;_;_;@ztr1976-words#@ztr1976#813.405#813.652"
"476;çà;çà;ADP;_;_;_;_;_;@ztr1976-words#@ztr1976#813.652#813.899"
"477;ïÿòü;ïÿòü;NUM;_;Case=Acc;_;_;_;@ztr1976-words#@ztr1976#813.899#814.146"
"478;ìèíóò;ìèíóòà;NOUN;_;Animacy=Inan|Case=Gen|Gender=Fem|Number=Plur;_;_;_;@ztr1976-words#@ztr1976#814.146#814.4"
"479;äà;äà;PART;_;_;_;_;_;@ztr1976-words#@ztr1976#836.4#836.55"
"480;äà;äà;PART;_;_;_;_;_;@ztr1976-words#@ztr1976#837.5#837.65"
"481;íó;íó;PART;_;_;_;_;_;@ztr1976-words#@ztr1976#845.3#845.566"
"482;êîíå÷íî;êîíå÷íî;ADV;_;Degree=Pos;_;_;_;@ztr1976-words#@ztr1976#845.566#845.832"
"483;ñëîâà;ñëîâî;NOUN;_;Animacy=Inan|Case=Nom|Gender=Neut|Number=Plur;_;_;_;@ztr1976-words#@ztr1976#845.832#846.1"
"484;êîíå÷íî;êîíå÷íî;ADV;_;Degree=Pos;_;_;_;@ztr1976-words#@ztr1976#846.5#847.1"
"485;áàðä;áàðä;NOUN;_;Animacy=Inan|Case=Nom|Gender=Masc|Number=Sing;_;_;_;@ztr1976-words#@ztr1976#850.5#850.863"
"486;îí;îí;PRON;_;Case=Nom|Gender=Masc|Number=Sing|Person=3;_;_;_;@ztr1976-words#@ztr1976#850.863#851.226"
"487;âîîáùå;âîîáùå;ADV;_;Degree=Pos;_;_;_;@ztr1976-words#@ztr1976#851.226#851.589"
"488;íå;íå;PART;_;_;_;_;_;@ztr1976-words#@ztr1976#851.589#851.952"
"489;ïðåäïîëàãàåò;ïðåäïîëàãàòü;VERB;_;Aspect=Imp|Mood=Ind|Number=Sing|Person=3|Tense=Pres|VerbForm=Fin|Voice=Act;_;_;_;@ztr1976-words#@ztr1976#851.952#852.315"
"490;/;/;PUNCT;_;_;_;_;_;@ztr1976-words#@ztr1976#852.315#852.678"
"491;ê;êàêîé-òî;DET;_;Case=Gen|Number=Plur;_;_;_;@ztr1976-words#@ztr1976#852.678#853.041"
"492;/;/;PUNCT;_;_;_;_;_;@ztr1976-words#@ztr1976#853.041#853.404"
"493;êàêèõ-òî;êàêîé-òî;DET;_;Case=Gen|Number=Plur;_;_;_;@ztr1976-words#@ztr1976#853.404#853.767"
"494;ìóçûêàëüíûõ;ìóçûêàëüíûé;ADJ;_;Case=Gen|Degree=Pos|Number=Plur;_;_;_;@ztr1976-words#@ztr1976#853.767#854.13"
"495;ôååðèé;ôååðèÿ;NOUN;_;Animacy=Inan|Case=Gen|Gender=Fem|Number=Plur;_;_;_;@ztr1976-words#@ztr1976#854.13#854.5"
"496;íî;íî;CCONJ;_;_;_;_;_;@ztr1976-words#@ztr1976#856.4#856.65"
"497;ÿ;ÿ;PRON;_;Case=Nom|Number=Sing|Person=1;_;_;_;@ztr1976-words#@ztr1976#856.65#856.9"
"498;íå;íå;PART;_;_;_;_;_;@ztr1976-words#@ztr1976#856.9#857.15"
"499;ìîãó;ìî÷ü;VERB;_;Aspect=Imp|Mood=Ind|Number=Sing|Person=1|Tense=Pres|VerbForm=Fin|Voice=Act;_;_;_;@ztr1976-words#@ztr1976#857.15#857.4"
"500;ê;ê;ADP;_;_;_;_;_;@ztr1976-words#@ztr1976#857.4#857.65"
"501;ñåáå;ñåáÿ;PRON;_;Case=Dat;_;_;_;@ztr1976-words#@ztr1976#857.65#857.9"
"502;îòíîñèòüñÿ;îòíîñèòüñÿ;VERB;_;Aspect=Imp|VerbForm=Inf|Voice=Mid;_;_;_;@ztr1976-words#@ztr1976#857.9#858.15"
"503;ñåðü¸çíî;ñåðü¸çíî;ADV;_;Degree=Pos;_;_;_;@ztr1976-words#@ztr1976#858.15#858.4"
"504;[íðçá];[íðçá];X;_;_;_;_;_;@ztr1976-words#@ztr1976#858.5#858.706"
"505;ÿ;ÿ;PRON;_;Case=Nom|Number=Sing|Person=1;_;_;_;@ztr1976-words#@ztr1976#858.706#858.912"
"506;íå;íå;PART;_;_;_;_;_;@ztr1976-words#@ztr1976#858.912#859.118"
"507;îòíîøóñü;îòíîñèòüñÿ;VERB;_;Aspect=Imp|Mood=Ind|Number=Sing|Person=1|Tense=Pres|VerbForm=Fin|Voice=Mid;_;_;_;@ztr1976-words#@ztr1976#859.118#859.324"
"508;ê;ê;ADP;_;_;_;_;_;@ztr1976-words#@ztr1976#859.324#859.53"
"509;ñåáå;ñåáÿ;PRON;_;Case=Dat;_;_;_;@ztr1976-words#@ztr1976#859.53#859.736"
"510;ñåðü¸çíî;ñåðü¸çíî;ADV;_;Degree=Pos;_;_;_;@ztr1976-words#@ztr1976#859.736#859.942"
"511;êàê;êàê;SCONJ;_;_;_;_;_;@ztr1976-words#@ztr1976#859.942#860.148"
"512;/;/;PUNCT;_;_;_;_;_;@ztr1976-words#@ztr1976#860.148#860.354"
"513;ý;ý;INTJ;_;_;_;_;_;@ztr1976-words#@ztr1976#860.354#860.56"
"514;/;/;PUNCT;_;_;_;_;_;@ztr1976-words#@ztr1976#860.56#860.766"
"515;ÿ;ÿ;PRON;_;Case=Nom|Number=Sing|Person=1;_;_;_;@ztr1976-words#@ztr1976#860.766#860.972"
"516;íå;íå;PART;_;_;_;_;_;@ztr1976-words#@ztr1976#860.972#861.178"
"517;ñ÷èòàþ;ñ÷èòàòü;VERB;_;Aspect=Imp|Mood=Ind|Number=Sing|Person=1|Tense=Pres|VerbForm=Fin|Voice=Mid;_;_;_;@ztr1976-words#@ztr1976#861.178#861.384"
"518;ñåáÿ;ñåáÿ;PRON;_;Case=Acc;_;_;_;@ztr1976-words#@ztr1976#861.384#861.6"
"519;ïîýòîì;ïîýòîì;NOUN;_;Animacy=Anim|Case=Ins|Gender=Masc|Number=Sing;_;_;_;@ztr1976-words#@ztr1976#863.0#863.55"
"520;äà;äà;PART;_;_;_;_;_;@ztr1976-words#@ztr1976#865.1#865.4"
"521;äà;äà;PART;_;_;_;_;_;@ztr1976-words#@ztr1976#866.7#866.907"
"522;/;/;PUNCT;_;_;_;_;_;@ztr1976-words#@ztr1976#866.907#867.114"
"523;íî;íî;CCONJ;_;_;_;_;_;@ztr1976-words#@ztr1976#867.114#867.321"
"524;ÿ;ÿ;PRON;_;Case=Nom|Number=Sing|Person=1;_;_;_;@ztr1976-words#@ztr1976#867.321#867.528"
"525;íå;íå;PART;_;_;_;_;_;@ztr1976-words#@ztr1976#867.528#867.735"
"526;ñ÷èòàþ;ñ÷èòàòü;VERB;_;Aspect=Imp|Mood=Ind|Number=Sing|Person=1|Tense=Pres|VerbForm=Fin|Voice=Mid;_;_;_;@ztr1976-words#@ztr1976#867.735#867.942"
"527;ñåáÿ;ñåáÿ;PRON;_;Case=Acc;_;_;_;@ztr1976-words#@ztr1976#867.942#868.149"
"528;ïîýòîì;ïîýò;NOUN;_;Animacy=Anim|Case=Ins|Gender=Masc|Number=Sing;_;_;_;@ztr1976-words#@ztr1976#868.149#868.356"
"529;/;/;PUNCT;_;_;_;_;_;@ztr1976-words#@ztr1976#868.356#868.563"
"530;ÿ;ÿ;PRON;_;Case=Nom|Number=Sing|Person=1;_;_;_;@ztr1976-words#@ztr1976#868.563#868.77"
"531;ïèøó;ïèñàòü;VERB;_;Aspect=Imp|Mood=Ind|Number=Sing|Person=1|Tense=Pres|VerbForm=Fin|Voice=Act;_;_;_;@ztr1976-words#@ztr1976#868.77#868.977"
"532;èìåííî;èìåííî;PART;_;_;_;_;_;@ztr1976-words#@ztr1976#868.977#869.184"
"533;÷òî;÷òî;SCONJ;_;_;_;_;_;@ztr1976-words#@ztr1976#869.184#869.391"
"534;òåêñòû;òåêñò;NOUN;_;Animacy=Inan|Case=Acc|Gender=Masc|Number=Plur;_;_;_;@ztr1976-words#@ztr1976#869.391#869.6"
"535;ììì;ììì;INTJ;_;_;_;_;_;@ztr1976-words#@ztr1976#871.5#871.811"
"536;/;/;PUNCT;_;_;_;_;_;@ztr1976-words#@ztr1976#871.811#872.122"
"537;íå;íå;PART;_;_;_;_;_;@ztr1976-words#@ztr1976#872.122#872.433"
"538;îöåíèâàþ;îöåíèâàòü;VERB;_;Aspect=Imp|Mood=Ind|Number=Sing|Person=1|Tense=Pres|VerbForm=Fin|Voice=Act;_;_;_;@ztr1976-words#@ztr1976#872.433#872.744"
"539;ñâîè;ñâîé;DET;_;Case=Acc|Number=Plur;_;_;_;@ztr1976-words#@ztr1976#872.744#873.055"
"540;òåêñòû;òåêñò;NOUN;_;Animacy=Inan|Case=Acc|Gender=Masc|Number=Plur;_;_;_;@ztr1976-words#@ztr1976#873.055#873.366"
"541;/;/;PUNCT;_;_;_;_;_;@ztr1976-words#@ztr1976#873.366#873.677"
"542;êàê;êàê;SCONJ;_;_;_;_;_;@ztr1976-words#@ztr1976#873.677#873.988"
"543;ïîýçèþ;ïîýçèÿ;NOUN;_;Animacy=Inan|Case=Acc|Gender=Fem|Number=Sing;_;_;_;@ztr1976-words#@ztr1976#873.988#874.3"
"544;äà;äà;PART;_;_;_;_;_;@ztr1976-words#@ztr1976#875.15#875.3"
"545;ïîýòîìó;ïîýòîìó;ADV;_;Degree=Pos;_;_;_;@ztr1976-words#@ztr1976#877.2#877.488"
"546;/;/;PUNCT;_;_;_;_;_;@ztr1976-words#@ztr1976#877.488#877.776"
"547;ìì;ìì;INTJ;_;_;_;_;_;@ztr1976-words#@ztr1976#877.776#878.064"
"548;/;/;PUNCT;_;_;_;_;_;@ztr1976-words#@ztr1976#878.064#878.352"
"549;íó;íó;PART;_;_;_;_;_;@ztr1976-words#@ztr1976#878.352#878.64"
"550;è;è;CCONJ;_;_;_;_;_;@ztr1976-words#@ztr1976#878.64#878.928"
"551;ìóçûêîé;ìóçûêà;NOUN;_;Animacy=Inan|Case=Ins|Gender=Fem|Number=Sing;_;_;_;@ztr1976-words#@ztr1976#878.928#879.216"
"552;ìíå;ÿ;PRON;_;Case=Dat|Number=Sing|Person=1;_;_;_;@ztr1976-words#@ztr1976#879.216#879.504"
"553;çàíèìàòüñÿ;çàíèìàòüñÿ;VERB;_;Aspect=Imp|VerbForm=Inf|Voice=Mid;_;_;_;@ztr1976-words#@ztr1976#879.504#879.792"
"554;íå;íå;PART;_;_;_;_;_;@ztr1976-words#@ztr1976#879.792#880.08"
"555;òî;òî;PRON;_;Animacy=Inan|Case=Nom|Gender=Neut|Number=Sing;_;_;_;@ztr1976-words#@ztr1976#880.08#880.368"
"556;÷òîáû;÷òîáû;SCONJ;_;_;_;_;_;@ztr1976-words#@ztr1976#880.368#880.656"
"557;ëåã÷å;ëåãêèé;ADJ;_;Degree=Cmp;_;_;_;@ztr1976-words#@ztr1976#880.656#880.944"
"558;/;/;PUNCT;_;_;_;_;_;@ztr1976-words#@ztr1976#880.944#881.232"
"559;à;à;CCONJ;_;_;_;_;_;@ztr1976-words#@ztr1976#881.232#881.52"
"560;ïðîñòî;ïðîñòî;PART;_;_;_;_;_;@ztr1976-words#@ztr1976#881.52#881.808"
"561;ïîíÿòíåå;ïîíÿòíûé;ADJ;_;Degree=Cmp;_;_;_;@ztr1976-words#@ztr1976#881.808#882.1"
"562;ïîòîìó;ïîòîìó;ADV;_;Degree=Pos;_;_;_;@ztr1976-words#@ztr1976#883.75#884.109"
"563;÷òî;÷òî;SCONJ;_;_;_;_;_;@ztr1976-words#@ztr1976#884.109#884.468"
"564;ììì;ììì;INTJ;_;_;_;_;_;@ztr1976-words#@ztr1976#884.468#884.827"
"565;ìóçûêîé;ìóçûêà;NOUN;_;Animacy=Inan|Case=Ins|Gender=Fem|Number=Sing;_;_;_;@ztr1976-words#@ztr1976#884.827#885.186"
"566;ÿ;ÿ;PRON;_;Case=Nom|Number=Sing|Person=1;_;_;_;@ztr1976-words#@ztr1976#885.186#885.545"
"567;ìîãó;ìî÷ü;VERB;_;Aspect=Imp|Mood=Ind|Number=Sing|Person=1|Tense=Pres|VerbForm=Fin|Voice=Act;_;_;_;@ztr1976-words#@ztr1976#885.545#885.904"
"568;çàíèìàòüñÿ;çàíèìàòüñÿ;VERB;_;Aspect=Imp|VerbForm=Inf|Voice=Mid;_;_;_;@ztr1976-words#@ztr1976#885.904#886.263"
"569;â;â;ADP;_;_;_;_;_;@ztr1976-words#@ztr1976#886.263#886.622"
"570;êà÷åñòâå;êà÷åñòâî;NOUN;_;Animacy=Inan|Case=Loc|Gender=Neut|Number=Sing;_;_;_;@ztr1976-words#@ztr1976#886.622#886.981"
"571;õîááè;õîááè;NOUN;_;Animacy=Inan|Case=Gen|Gender=Neut|Number=Sing;_;_;_;@ztr1976-words#@ztr1976#886.981#887.34"
"572;÷òîáû;÷òîáû;SCONJ;_;Mood=Cnd;_;_;_;@ztr1976-words#@ztr1976#887.34#887.699"
"573;óñïîêîèòüñÿ;óñïîêîèòüñÿ;VERB;_;Aspect=Perf|VerbForm=Inf|Voice=Mid;_;_;_;@ztr1976-words#@ztr1976#887.699#888.058"
"574;/;/;PUNCT;_;_;_;_;_;@ztr1976-words#@ztr1976#888.058#888.417"
"575;ìì;ìì;INTJ;_;_;_;_;_;@ztr1976-words#@ztr1976#888.417#888.776"
"576;/;/;PUNCT;_;_;_;_;_;@ztr1976-words#@ztr1976#888.776#889.135"
"577;ïðîñòî;ïðîñòî;PART;_;_;_;_;_;@ztr1976-words#@ztr1976#889.135#889.494"
"578;÷òî-òî;÷òî-òî;PRON;_;Case=Acc;_;_;_;@ztr1976-words#@ztr1976#889.494#889.853"
"579;çàïèñûâàòü;çàïèñûâàòü;VERB;_;Aspect=Imp|VerbForm=Inf|Voice=Act;_;_;_;@ztr1976-words#@ztr1976#889.853#890.212"
"580;íàèãðûâàòü;íàèãðûâàòü;VERB;_;Aspect=Imp|VerbForm=Inf|Voice=Act;_;_;_;@ztr1976-words#@ztr1976#890.212#890.571"
"581;íàñòóêèâàòü;íàñòóêèâàòü;VERB;_;Aspect=Imp|VerbForm=Inf|Voice=Act;_;_;_;@ztr1976-words#@ztr1976#890.571#890.93"
"582;/;/;PUNCT;_;_;_;_;_;@ztr1976-words#@ztr1976#890.93#891.289"
"583;à;à;CCONJ;_;_;_;_;_;@ztr1976-words#@ztr1976#891.289#891.648"
"584;ïîýçèÿ;ïîýçèÿ;NOUN;_;Animacy=Inan|Case=Gen|Gender=Neut|Number=Sing;_;_;_;@ztr1976-words#@ztr1976#891.648#892.007"
"585;ýòî;ýòî;PRON;_;Animacy=Inan|Case=Nom|Gender=Neut|Number=Sing;_;_;_;@ztr1976-words#@ztr1976#892.007#892.366"
"586;íó;íó;PART;_;_;_;_;_;@ztr1976-words#@ztr1976#892.366#892.725"
"587;[íðçá];[íðçá];X;_;_;_;_;_;@ztr1976-words#@ztr1976#892.725#893.084"
"588;/;/;PUNCT;_;_;_;_;_;@ztr1976-words#@ztr1976#893.084#893.443"
"589;à;à;CCONJ;_;_;_;_;_;@ztr1976-words#@ztr1976#893.443#893.802"
"590;â;â;ADP;_;_;_;_;_;@ztr1976-words#@ztr1976#893.802#894.161"
"591;/;/;PUNCT;_;_;_;_;_;@ztr1976-words#@ztr1976#894.161#894.52"
"592;âåð...;âåðíåå;ADV;_;_;_;_;_;@ztr1976-words#@ztr1976#894.52#894.879"
"593;âåðíåå;âåðíåå;ADV;_;_;_;_;_;@ztr1976-words#@ztr1976#894.879#895.238"
"594;à;à;CCONJ;_;_;_;_;_;@ztr1976-words#@ztr1976#895.238#895.597"
"595;òåêñòû;òåêñò;NOUN;_;Animacy=Inan|Case=Nom|Gender=Masc|Number=Plur;_;_;_;@ztr1976-words#@ztr1976#895.597#895.956"
"596;/;/;PUNCT;_;_;_;_;_;@ztr1976-words#@ztr1976#895.956#896.315"
"597;ìíå;ÿ;PRON;_;Case=Dat|Number=Sing|Person=1;_;_;_;@ztr1976-words#@ztr1976#896.315#896.674"
"598;íóæíî;íóæíî;PRED;_;_;_;_;_;@ztr1976-words#@ztr1976#896.674#897.033"
"599;íàïèñàòü;íàïèñàòü;VERB;_;Aspect=Perf|VerbForm=Inf|Voice=Act;_;_;_;@ztr1976-words#@ztr1976#897.033#897.392"
"600;îïðåäåë¸ííûé;îïðåäåë¸ííûé;ADJ;_;Animacy=Inan|Case=Acc|Degree=Pos|Gender=Masc|Number=Sing;_;_;_;@ztr1976-words#@ztr1976#897.392#897.751"
"601;òåêñò;òåêñò;NOUN;_;Animacy=Inan|Case=Acc|Gender=Masc|Number=Sing;_;_;_;@ztr1976-words#@ztr1976#897.751#898.11"
"602;/;/;PUNCT;_;_;_;_;_;@ztr1976-words#@ztr1976#898.11#898.469"
"603;ýòî;ýòî;SCONJ;_;_;_;_;_;@ztr1976-words#@ztr1976#898.469#898.828"
"604;ñêîðåå;ñêîðåå;ADV;_;Degree=Pos;_;_;_;@ztr1976-words#@ztr1976#898.828#899.187"
"605;òðóä;òðóä;NOUN;_;Animacy=Inan|Case=Nom|Gender=Masc|Number=Sing;_;_;_;@ztr1976-words#@ztr1976#899.187#899.55"
"606;äà;äà;CCONJ;_;_;_;_;_;@ztr1976-words#@ztr1976#936.9#937.175"
"607;âû;âû;PRON;_;Case=Nom|Number=Plur|Person=2;_;_;_;@ztr1976-words#@ztr1976#937.175#937.45"
"608;î÷åíü;î÷åíü;ADV;_;Degree=Pos;_;_;_;@ztr1976-words#@ztr1976#937.45#937.725"
"609;ñèþìèíóòíûå;ñèþìèíóòíûé;ADJ;_;Animacy=Inan|Case=Acc|Degree=Pos|Number=Plur;_;_;_;@ztr1976-words#@ztr1976#937.725#938.0"
"610;è;è;CCONJ;_;_;_;_;_;@ztr1976-words#@ztr1976#971.8#972.0"
"611;âîîáùå;âîîáùå;ADV;_;Degree=Pos;_;_;_;@ztr1976-words#@ztr1976#972.0#972.2"
"612;äóìàåòå;äóìàòü;VERB;_;Aspect=Imp|Mood=Ind|Number=Plur|Person=2|Tense=Pres|VerbForm=Fin|Voice=Act;_;_;_;@ztr1976-words#@ztr1976#972.2#972.4"
"613;ëè;ëè;SCONJ;_;_;_;_;_;@ztr1976-words#@ztr1976#972.4#972.6"
"614;âû;âû;PRON;_;Case=Nom|Number=Plur|Person=2;_;_;_;@ztr1976-words#@ztr1976#972.6#972.8"
"615;#ñìå¸òñÿ#;#ñìå¸òñÿ#;X;_;_;_;_;_;@ztr1976-words#@ztr1976#974.032#975.77"
"616;ÿ;ÿ;PRON;_;Case=Nom|Number=Sing|Person=1;_;_;_;@ztr1976-words#@ztr1976#976.6#976.733"
"617;íå;íå;PART;_;_;_;_;_;@ztr1976-words#@ztr1976#976.733#976.866"
"618;äóìàþ;äóìàòü;VERB;_;Aspect=Imp|Mood=Ind|Number=Sing|Person=1|Tense=Pres|VerbForm=Fin|Voice=Act;_;_;_;@ztr1976-words#@ztr1976#976.866#977.0"
"619;àáñîëþòíî;àáñîëþòíî;ADV;_;Degree=Pos;_;_;_;@ztr1976-words#@ztr1976#977.8#978.35"
"620;èñêðåííå;èñêðåííå;ADV;_;Degree=Pos;_;_;_;@ztr1976-words#@ztr1976#978.35#978.9"
"621;íåò;íåò;PART;_;_;_;_;_;@ztr1976-words#@ztr1976#981.1#981.342"
"622;/;/;PUNCT;_;_;_;_;_;@ztr1976-words#@ztr1976#981.342#981.584"
"623;ïðîñòî;ïðîñòî;PART;_;_;_;_;_;@ztr1976-words#@ztr1976#981.584#981.826"
"624;ÿ;ÿ;PRON;_;Case=Nom|Number=Sing|Person=1;_;_;_;@ztr1976-words#@ztr1976#981.826#982.068"
"625;ñàìà;ñàì;ADJ;_;Case=Nom|Degree=Pos|Gender=Fem|Number=Sing;_;_;_;@ztr1976-words#@ztr1976#982.068#982.31"
"626;ñåáå;ñåáÿ;PRON;_;Case=Dat;_;_;_;@ztr1976-words#@ztr1976#982.31#982.552"
"627;ñêîðåå;ñêîðåå;ADV;_;Degree=Pos;_;_;_;@ztr1976-words#@ztr1976#982.552#982.8"
"628;ñêàçàëà;ñêàçàòü;VERB;_;Aspect=Perf|Gender=Fem|Mood=Ind|Number=Sing|Tense=Past|VerbForm=Fin|Voice=Act;_;_;_;@ztr1976-words#@ztr1976#983.1#983.8"
"629;ñëîæíî;ñëîæíî;ADV;_;Degree=Pos;_;_;_;@ztr1976-words#@ztr1976#990.5#990.925"
"630;ñóäèòü;ñóäèòü;VERB;_;Aspect=Imp|VerbForm=Inf|Voice=Act;_;_;_;@ztr1976-words#@ztr1976#990.925#991.35"
"631;ýý;ýý;INTJ;_;_;_;_;_;@ztr1976-words#@ztr1976#991.5#991.966"
"632;àà;àa;INTJ;_;_;_;_;_;@ztr1976-words#@ztr1976#991.966#992.432"
"633;íî;íî;CCONJ;_;_;_;_;_;@ztr1976-words#@ztr1976#992.432#992.898"
"634;ïî;ïî;ADP;_;_;_;_;_;@ztr1976-words#@ztr1976#992.898#993.364"
"635;ìåíüøåé;ìåíüøèé;ADJ;_;Case=Dat|Degree=Pos|Gender=Fem|Number=Sing;_;_;_;@ztr1976-words#@ztr1976#993.364#993.83"
"636;ìåðå;ìåðà;NOUN;_;Animacy=Inan|Case=Dat|Gender=Fem|Number=Sing;_;_;_;@ztr1976-words#@ztr1976#993.83#994.296"
"637;ýòî;ýòî;PRON;_;Animacy=Inan|Case=Nom|Gender=Neut|Number=Sing;_;_;_;@ztr1976-words#@ztr1976#994.296#994.762"
"638;î÷åíü;î÷åíü;ADV;_;Degree=Pos;_;_;_;@ztr1976-words#@ztr1976#994.762#995.228"
"639;#îòêàøëèâàåòñÿ#;#îòêàøëèâàåòñÿ#;X;_;_;_;_;_;@ztr1976-words#@ztr1976#995.228#995.7"
"640;ïðàâäèâî;ïðàâäèâûé;ADV;_;Degree=Pos|Gender=Neut|Number=Sing|Variant=Short;_;_;_;@ztr1976-words#@ztr1976#996.5#996.843"
"641;/;/;PUNCT;_;_;_;_;_;@ztr1976-words#@ztr1976#996.843#997.186"
"642;î÷åíü;î÷åíü;ADV;_;Degree=Pos;_;_;_;@ztr1976-words#@ztr1976#997.186#997.529"
"643;ïðàâäèâî;ïðàâäèâûé;ADJ;_;Degree=Pos|Gender=Neut|Number=Sing|Variant=Short;_;_;_;@ztr1976-words#@ztr1976#997.529#997.872"
"644;ïî;ïî;ADP;_;_;_;_;_;@ztr1976-words#@ztr1976#997.872#998.215"
"645;îòíîøåíèþ;îòíîøåíèå;NOUN;_;Animacy=Inan|Case=Dat|Gender=Neut|Number=Sing;_;_;_;@ztr1976-words#@ztr1976#998.215#998.558"
"646;ê;ê;ADP;_;_;_;_;_;@ztr1976-words#@ztr1976#998.558#998.901"
"647;ïðîôåññèè;ïðîôåññèÿ;NOUN;_;Animacy=Inan|Case=Dat|Gender=Fem|Number=Sing;_;_;_;@ztr1976-words#@ztr1976#998.901#999.25"
"648;ÿ;ÿ;PRON;_;Case=Nom|Number=Sing|Person=1;_;_;_;@ztr1976-words#@ztr1976#1000.0#1000.323"
"649;íå;íå;PART;_;_;_;_;_;@ztr1976-words#@ztr1976#1000.323#1000.646"
"650;ïîäñòðàèâàþñü;ïîäñòðàèâàòüñÿ;VERB;_;Aspect=Imp|Mood=Ind|Number=Sing|Person=1|Tense=Pres|VerbForm=Fin|Voice=Mid;_;_;_;@ztr1976-words#@ztr1976#1000.646#1000.969"
"651;íè;íè;CCONJ;_;_;_;_;_;@ztr1976-words#@ztr1976#1000.969#1001.292"
"652;ïîä;ïîä;ADP;_;_;_;_;_;@ztr1976-words#@ztr1976#1001.292#1001.615"
"653;ôîðìàò;ôîðìàò;NOUN;_;Animacy=Inan|Case=Acc|Gender=Masc|Number=Sing;_;_;_;@ztr1976-words#@ztr1976#1001.615#1001.938"
"654;/;/;PUNCT;_;_;_;_;_;@ztr1976-words#@ztr1976#1001.938#1002.261"
"655;íè;íè;CCONJ;_;_;_;_;_;@ztr1976-words#@ztr1976#1002.261#1002.584"
"656;ïîä;ïîä;ADP;_;_;_;_;_;@ztr1976-words#@ztr1976#1002.584#1002.907"
"657;÷òî;÷òî;PRON;_;Case=Acc;_;_;_;@ztr1976-words#@ztr1976#1002.907#1003.23"
"658;/;/;PUNCT;_;_;_;_;_;@ztr1976-words#@ztr1976#1003.23#1003.553"
"659;ÿ;ÿ;PRON;_;Case=Nom|Number=Sing|Person=1;_;_;_;@ztr1976-words#@ztr1976#1003.553#1003.876"
"660;/;/;PUNCT;_;_;_;_;_;@ztr1976-words#@ztr1976#1003.876#1004.199"
"661;ïûòàþñü;ïûòàòüñÿ;VERB;_;Aspect=Imp|Mood=Ind|Number=Sing|Person=1|Tense=Pres|VerbForm=Fin|Voice=Mid;_;_;_;@ztr1976-words#@ztr1976#1004.199#1004.522"
"662;/;/;PUNCT;_;_;_;_;_;@ztr1976-words#@ztr1976#1004.522#1004.845"
"663;ý;ý;INTJ;_;_;_;_;_;@ztr1976-words#@ztr1976#1004.845#1005.168"
"664;/;/;PUNCT;_;_;_;_;_;@ztr1976-words#@ztr1976#1005.168#1005.491"
"665;äåéñòâèòåëüíî;äåéñòâèòåëüíî;ADV;_;Degree=Pos;_;_;_;@ztr1976-words#@ztr1976#1005.491#1005.814"
"666;ïèñàòü;ïèñàòü;VERB;_;Aspect=Imp|VerbForm=Inf|Voice=Act;_;_;_;@ztr1976-words#@ztr1976#1005.814#1006.137"
"667;/;/;PUNCT;_;_;_;_;_;@ztr1976-words#@ztr1976#1006.137#1006.46"
"668;òê...;òàê;ADV;_;Degree=Pos;_;_;_;@ztr1976-words#@ztr1976#1006.46#1006.783"
"669;øò...;÷òîáû;SCONJ;_;Mood=Cnd;_;_;_;@ztr1976-words#@ztr1976#1006.783#1007.106"
"670;òàê;òàê;ADV;_;Degree=Pos;_;_;_;@ztr1976-words#@ztr1976#1007.106#1007.429"
"671;÷òîáû;÷òîáû;SCONJ;_;Mood=Cnd;_;_;_;@ztr1976-words#@ztr1976#1007.429#1007.752"
"672;ìíå;ÿ;PRON;_;Case=Dat|Number=Sing|Person=1;_;_;_;@ztr1976-words#@ztr1976#1007.752#1008.075"
"673;ïîíðàâèëîñü;ïîíðàâèòüñÿ;VERB;_;Aspect=Perf|Gender=Neut|Mood=Ind|Number=Sing|Tense=Past|VerbForm=Fin|Voice=Mid;_;_;_;@ztr1976-words#@ztr1976#1008.075#1008.4"
"674;äîñòàòî÷íî;äîñòàòî÷íî;ADV;_;Degree=Pos;_;_;_;@ztr1976-words#@ztr1976#1015.6#1015.95"
"675;äàâíî;äàâíî;ADV;_;Degree=Pos;_;_;_;@ztr1976-words#@ztr1976#1015.95#1016.3"
"676;äåñÿòü;äåñÿòü;NUM;_;Case=Nom;_;_;_;@ztr1976-words#@ztr1976#1016.7#1016.9"
"677;íåò;íåò;PART;_;_;_;_;_;@ztr1976-words#@ztr1976#1023.9#1024.205"
"678;/;/;PUNCT;_;_;_;_;_;@ztr1976-words#@ztr1976#1024.205#1024.51"
"679;ÿ;ÿ;PRON;_;Case=Nom|Number=Sing|Person=1;_;_;_;@ztr1976-words#@ztr1976#1024.51#1024.815"
"680;ïðîó÷èëàñü;ïðîó÷èòüñÿ;VERB;_;Aspect=Perf|Gender=Fem|Mood=Ind|Number=Sing|Tense=Past|VerbForm=Fin|Voice=Mid;_;_;_;@ztr1976-words#@ztr1976#1024.815#1025.12"
"681;/;/;PUNCT;_;_;_;_;_;@ztr1976-words#@ztr1976#1025.12#1025.425"
"682;[íðçá];[íðçá];X;_;_;_;_;_;@ztr1976-words#@ztr1976#1025.425#1025.73"
"683;ñêàçàòü;ñêàçàòü;VERB;_;Aspect=Perf|VerbForm=Inf|Voice=Act;_;_;_;@ztr1976-words#@ztr1976#1025.73#1026.035"
"684;ñêîëüêî;ñêîëüêî;NUM;_;_;_;_;_;@ztr1976-words#@ztr1976#1026.035#1026.34"
"685;?;?;PUNCT;_;_;_;_;_;@ztr1976-words#@ztr1976#1026.34#1026.65"
"686;ïåðâûé;ïåðâûé;ADJ;_;Animacy=Inan|Case=Acc|Degree=Pos|Gender=Masc|Number=Sing;_;_;_;@ztr1976-words#@ztr1976#1027.7#1027.95"
"687;ñåìåñòð;ñåìåñòð;NOUN;_;Animacy=Inan|Case=Acc|Gender=Masc|Number=Sing;_;_;_;@ztr1976-words#@ztr1976#1027.95#1028.2"
"688;ÿ;ÿ;PRON;_;Case=Nom|Number=Sing|Person=1;_;_;_;@ztr1976-words#@ztr1976#1031.3#1031.564"
"689;ïîåõàëà;ïîåõàòü;VERB;_;Aspect=Perf|Gender=Fem|Mood=Ind|Number=Sing|Tense=Past|VerbForm=Fin|Voice=Act;_;_;_;@ztr1976-words#@ztr1976#1031.564#1031.828"
"690;â;â;ADP;_;_;_;_;_;@ztr1976-words#@ztr1976#1031.828#1032.092"
"691;òóð;òóð;NOUN;_;Animacy=Inan|Case=Acc|Gender=Masc|Number=Sing;_;_;_;@ztr1976-words#@ztr1976#1032.092#1032.356"
"692;/;/;PUNCT;_;_;_;_;_;@ztr1976-words#@ztr1976#1032.356#1032.62"
"693;âûïóñòèëà;âûïóñòèòü;VERB;_;Aspect=Perf|Gender=Fem|Mood=Ind|Number=Sing|Tense=Past|VerbForm=Fin|Voice=Act;_;_;_;@ztr1976-words#@ztr1976#1032.62#1032.884"
"694;àëüáîì;àëüáîì;NOUN;_;Animacy=Inan|Case=Acc|Gender=Masc|Number=Sing;_;_;_;@ztr1976-words#@ztr1976#1032.884#1033.148"
"695;/;/;PUNCT;_;_;_;_;_;@ztr1976-words#@ztr1976#1033.148#1033.412"
"696;ñòàëà;ñòàòü;VERB;_;Aspect=Perf|Gender=Fem|Mood=Ind|Number=Sing|Tense=Past|VerbForm=Fin|Voice=Act;_;_;_;@ztr1976-words#@ztr1976#1033.412#1033.676"
"697;ïèñàòü;ïèñàòü;VERB;_;Aspect=Imp|VerbForm=Inf|Voice=Act;_;_;_;@ztr1976-words#@ztr1976#1033.676#1033.94"
"698;ïèñàòü;ïèñàòü;VERB;_;Aspect=Imp|VerbForm=Inf|Voice=Act;_;_;_;@ztr1976-words#@ztr1976#1033.94#1034.204"
"699;ïèñàòü;ïèñàòü;VERB;_;Aspect=Imp|VerbForm=Inf|Voice=Act;_;_;_;@ztr1976-words#@ztr1976#1034.204#1034.468"
"700;ïèñàòü;ïèñàòü;VERB;_;Aspect=Imp|VerbForm=Inf|Voice=Act;_;_;_;@ztr1976-words#@ztr1976#1034.468#1034.732"
"701;íàïèñàëà;ïèñàòü;VERB;_;Aspect=Perf|Gender=Fem|Mood=Ind|Number=Sing|Tense=Past|VerbForm=Fin|Voice=Act;_;_;_;@ztr1976-words#@ztr1976#1034.732#1035.0"
"702;àëüáîì;àëüáîì;NOUN;_;Animacy=Inan|Case=Acc|Gender=Masc|Number=Sing;_;_;_;@ztr1976-words#@ztr1976#1036.55#1037.3"
"703;è;è;CCONJ;_;_;_;_;_;@ztr1976-words#@ztr1976#1037.9#1038.062"
"704;ïîåõàëà;ïîåõàòü;VERB;_;Aspect=Perf|Gender=Fem|Mood=Ind|Number=Sing|Tense=Past|VerbForm=Fin|Voice=Act;_;_;_;@ztr1976-words#@ztr1976#1038.062#1038.224"
"705;â;â;ADP;_;_;_;_;_;@ztr1976-words#@ztr1976#1038.224#1038.386"
"706;òóð;òóð;NOUN;_;Animacy=Inan|Case=Acc|Gender=Masc|Number=Sing;_;_;_;@ztr1976-words#@ztr1976#1038.386#1038.55"
"707;åñëè;åñëè;SCONJ;_;_;_;_;_;@ztr1976-words#@ztr1976#1039.2#1039.415"
"708;ó;ó;ADP;_;_;_;_;_;@ztr1976-words#@ztr1976#1039.415#1039.63"
"709;òåáÿ;òû;PRON;_;Case=Gen|Number=Sing|Person=2;_;_;_;@ztr1976-words#@ztr1976#1039.63#1039.845"
"710;åñòü;áûòü;VERB;_;Aspect=Imp|Mood=Ind|Number=Sing|Person=3|Tense=Pres|VerbForm=Fin|Voice=Act;_;_;_;@ztr1976-words#@ztr1976#1039.845#1040.06"
"711;íîâàÿ;íîâûé;ADJ;_;Case=Nom|Degree=Pos|Gender=Fem|Number=Sing;_;_;_;@ztr1976-words#@ztr1976#1040.06#1040.275"
"712;ïåñíÿ;ïåñíÿ;NOUN;_;Animacy=Inan|Case=Nom|Gender=Fem|Number=Sing;_;_;_;@ztr1976-words#@ztr1976#1040.275#1040.49"
"713;òû;òû;PRON;_;Case=Nom|Number=Sing|Person=2;_;_;_;@ztr1976-words#@ztr1976#1040.49#1040.705"
"714;/;/;PUNCT;_;_;_;_;_;@ztr1976-words#@ztr1976#1040.705#1040.92"
"715;äîëæåí;äîëæíûé;ADJ;_;Degree=Pos|Gender=Masc|Number=Sing|Variant=Short;_;_;_;@ztr1976-words#@ztr1976#1040.92#1041.135"
"716;åõàòü;åõàòü;VERB;_;Aspect=Imp|VerbForm=Inf|Voice=Act;_;_;_;@ztr1976-words#@ztr1976#1041.135#1041.35"
"717;è;è;CCONJ;_;_;_;_;_;@ztr1976-words#@ztr1976#1041.35#1041.565"
"718;èãðàòü;èãðàòü;VERB;_;Aspect=Imp|VerbForm=Inf|Voice=Act;_;_;_;@ztr1976-words#@ztr1976#1041.565#1041.78"
"719;èõ;îíè;PRON;_;Case=Acc|Number=Plur|Person=3;_;_;_;@ztr1976-words#@ztr1976#1041.78#1042.0"
"720;óæå;óæå;ADV;_;Degree=Pos;_;_;_;@ztr1976-words#@ztr1976#1043.8#1044.066"
"721;íå;íå;PART;_;_;_;_;_;@ztr1976-words#@ztr1976#1044.066#1044.332"
"722;âåðíóëàñü;âåðíóòüñÿ;VERB;_;Aspect=Perf|Gender=Fem|Mood=Ind|Number=Sing|Tense=Past|VerbForm=Fin|Voice=Mid;_;_;_;@ztr1976-words#@ztr1976#1044.332#1044.599"
"723;íå;íå;PART;_;_;_;_;_;@ztr1976-words#@ztr1976#1045.45#1045.669"
"724;âåðíóëàñü;âåðíóòüñÿ;VERB;_;Aspect=Perf|Gender=Fem|Mood=Ind|Number=Sing|Tense=Past|VerbForm=Fin|Voice=Mid;_;_;_;@ztr1976-words#@ztr1976#1045.669#1045.888"
"725;/;/;PUNCT;_;_;_;_;_;@ztr1976-words#@ztr1976#1045.888#1046.107"
"726;íó;íó;PART;_;_;_;_;_;@ztr1976-words#@ztr1976#1046.107#1046.326"
"727;ïîòîìó;ïîòîìó;ADV;_;Degree=Pos;_;_;_;@ztr1976-words#@ztr1976#1046.326#1046.545"
"728;÷òî;÷òî;SCONJ;_;_;_;_;_;@ztr1976-words#@ztr1976#1046.545#1046.764"
"729;ÿ;ÿ;PRON;_;Case=Nom|Number=Sing|Person=1;_;_;_;@ztr1976-words#@ztr1976#1046.764#1046.983"
"730;èñïûòàëà;èñïûòàòü;VERB;_;Aspect=Perf|Gender=Fem|Mood=Ind|Number=Sing|Tense=Past|VerbForm=Fin|Voice=Act;_;_;_;@ztr1976-words#@ztr1976#1046.983#1047.202"
"731;íåêîòîðîå;íåêîòîðûé;DET;_;Case=Acc|Gender=Neut|Number=Sing;_;_;_;@ztr1976-words#@ztr1976#1047.202#1047.421"
"732;ðàçî÷àðîâàíèå;ðàçî÷àðîâàíèå;NOUN;_;Animacy=Inan|Case=Acc|Gender=Neut|Number=Sing;_;_;_;@ztr1976-words#@ztr1976#1047.421#1047.64"
"733;äà;äà;PART;_;_;_;_;_;@ztr1976-words#@ztr1976#1048.8#1049.117"
"734;/;/;PUNCT;_;_;_;_;_;@ztr1976-words#@ztr1976#1049.117#1049.434"
"735;ÿ;ÿ;PRON;_;Case=Nom|Number=Sing|Person=1;_;_;_;@ztr1976-words#@ztr1976#1049.434#1049.751"
"736;ïîñòóïèëà;ïîñòóïèòü;VERB;_;Aspect=Perf|Gender=Fem|Mood=Ind|Number=Sing|Tense=Past|VerbForm=Fin|Voice=Act;_;_;_;@ztr1976-words#@ztr1976#1049.751#1050.068"
"737;ì;ì;INTJ;_;_;_;_;_;@ztr1976-words#@ztr1976#1050.068#1050.385"
"738;ñ;ñ;ADP;_;_;_;_;_;@ztr1976-words#@ztr1976#1050.385#1050.702"
"739;îïðåäåë¸ííîé;îïðåäåëåííûé;ADJ;_;Case=Ins|Degree=Pos|Gender=Fem|Number=Sing;_;_;_;@ztr1976-words#@ztr1976#1050.702#1051.019"
"740;öåëüþ;öåëü;NOUN;_;Animacy=Inan|Case=Ins|Gender=Fem|Number=Sing;_;_;_;@ztr1976-words#@ztr1976#1051.019#1051.336"
"741;/;/;PUNCT;_;_;_;_;_;@ztr1976-words#@ztr1976#1051.336#1051.653"
"742;ÿ;ÿ;PRON;_;Case=Nom|Number=Sing|Person=1;_;_;_;@ztr1976-words#@ztr1976#1051.653#1051.97"
"743;óñòàëà;óñòàòü;VERB;_;Aspect=Perf|Gender=Fem|Mood=Ind|Number=Sing|Tense=Past|VerbForm=Fin|Voice=Act;_;_;_;@ztr1976-words#@ztr1976#1051.97#1052.287"
"744;îò;îò;ADP;_;_;_;_;_;@ztr1976-words#@ztr1976#1052.287#1052.604"
"745;ìì;ìì;INTJ;_;_;_;_;_;@ztr1976-words#@ztr1976#1052.604#1052.921"
"746;ìóçûêàëüíîé;ìóçûêàëüíûé;ADJ;_;Case=Gen|Degree=Pos|Gender=Fem|Number=Sing;_;_;_;@ztr1976-words#@ztr1976#1052.921#1053.25"
"747;òóñîâêè;òóñîâêà;NOUN;_;Animacy=Inan|Case=Gen|Gender=Fem|Number=Sing;_;_;_;@ztr1976-words#@ztr1976#1054.3#1054.611"
"748;/;/;PUNCT;_;_;_;_;_;@ztr1976-words#@ztr1976#1054.611#1054.922"
"749;îò;îò;ADP;_;_;_;_;_;@ztr1976-words#@ztr1976#1054.922#1055.233"
"750;ýòèõ;ýòîò;DET;_;Case=Gen|Number=Plur;_;_;_;@ztr1976-words#@ztr1976#1055.233#1055.544"
"751;ðàçãîâîðîâ;ðàçãîâîð;NOUN;_;Animacy=Inan|Case=Gen|Gender=Masc|Number=Plur;_;_;_;@ztr1976-words#@ztr1976#1055.544#1055.855"
"752;/;/;PUNCT;_;_;_;_;_;@ztr1976-words#@ztr1976#1055.855#1056.166"
"753;íóó;íó;ADV;_;Degree=Pos;_;_;_;@ztr1976-words#@ztr1976#1056.166#1056.477"
"754;îíè;îíè;PRON;_;Case=Nom|Number=Plur|Person=3;_;_;_;@ztr1976-words#@ztr1976#1056.477#1056.788"
"755;äîñòàòî÷íî;äîñòàòî÷íî;ADV;_;Degree=Pos;_;_;_;@ztr1976-words#@ztr1976#1056.788#1057.099"
"756;îäíîòèïíû;îäíîòèïíûé;ADJ;_;Degree=Pos|Number=Plur|Variant=Short;_;_;_;@ztr1976-words#@ztr1976#1057.099#1057.41"
"757;/;/;PUNCT;_;_;_;_;_;@ztr1976-words#@ztr1976#1057.41#1057.721"
"758;ñêàæåì;ñêàçàòü;VERB;_;Aspect=Perf|Mood=Ind|Number=Plur|Person=1|Tense=Fut|VerbForm=Fin|Voice=Act;_;_;_;@ztr1976-words#@ztr1976#1057.721#1058.032"
"759;òàê;òàê;ADV;_;Degree=Pos;_;_;_;@ztr1976-words#@ztr1976#1058.032#1058.35"
"760;ìíå;ÿ;PRON;_;Case=Dat|Number=Sing|Person=1;_;_;_;@ztr1976-words#@ztr1976#1060.5#1060.75"
"761;/;/;PUNCT;_;_;_;_;_;@ztr1976-words#@ztr1976#1060.75#1061.0"
"762;ìì;ìì;INTJ;_;_;_;_;_;@ztr1976-words#@ztr1976#1061.0#1061.25"
"763;/;/;PUNCT;_;_;_;_;_;@ztr1976-words#@ztr1976#1061.25#1061.5"
"764;ÿ;ÿ;PRON;_;Case=Nom|Number=Sing|Person=1;_;_;_;@ztr1976-words#@ztr1976#1061.5#1061.75"
"765;ñòàëà;ñòàòü;VERB;_;Aspect=Perf|Gender=Fem|Mood=Ind|Number=Sing|Tense=Past|VerbForm=Fin|Voice=Act;_;_;_;@ztr1976-words#@ztr1976#1061.75#1062.0"
"766;èñïûòûâàòü;èñïûòûâàòü;VERB;_;Aspect=Imp|VerbForm=Inf|Voice=Act;_;_;_;@ztr1976-words#@ztr1976#1062.0#1062.25"
"767;ïîòðåáíîñòü;ïîòðåáíîñòü;NOUN;_;Animacy=Inan|Case=Acc|Gender=Fem|Number=Sing;_;_;_;@ztr1976-words#@ztr1976#1062.25#1062.5"
"768;ýý;ýý;INTJ;_;_;_;_;_;@ztr1976-words#@ztr1976#1062.5#1062.75"
"769;â;â;ADP;_;_;_;_;_;@ztr1976-words#@ztr1976#1062.75#1063.0"
"770;ðàçãîâîðàõ;ðàçãîâîð;NOUN;_;Animacy=Inan|Case=Loc|Gender=Masc|Number=Plur;_;_;_;@ztr1976-words#@ztr1976#1063.0#1063.25"
"771;/;/;PUNCT;_;_;_;_;_;@ztr1976-words#@ztr1976#1063.25#1063.5"
"772;ñ;ñ;ADP;_;_;_;_;_;@ztr1976-words#@ztr1976#1063.5#1063.75"
"773;óìí...;óìíûé;ADJ;_;Case=Ins|Degree=Pos|Number=Plur;_;_;_;@ztr1976-words#@ztr1976#1063.75#1064.0"
"774;ýý;ýý;INTJ;_;_;_;_;_;@ztr1976-words#@ztr1976#1064.0#1064.25"
"775;/;/;PUNCT;_;_;_;_;_;@ztr1976-words#@ztr1976#1064.25#1064.5"
"776;â;â;ADP;_;_;_;_;_;@ztr1976-words#@ztr1976#1064.5#1064.75"
"777;ðàçãîâîðàõ...;ðàçãîâîð;NOUN;_;Animacy=Inan|Case=Ins|Gender=Masc|Number=Plur;_;_;_;@ztr1976-words#@ztr1976#1064.75#1065.0"
"778;/;/;PUNCT;_;_;_;_;_;@ztr1976-words#@ztr1976#1065.0#1065.25"
"779;â;â;ADP;_;_;_;_;_;@ztr1976-words#@ztr1976#1065.25#1065.5"
"780;óìíûõ;óìíûé;ADJ;_;Case=Loc|Degree=Pos|Number=Plur;_;_;_;@ztr1976-words#@ztr1976#1065.5#1065.75"
"781;ðàçãîâîðàõ;ðàçãîâîð;NOUN;_;Animacy=Inan|Case=Loc|Gender=Masc|Number=Plur;_;_;_;@ztr1976-words#@ztr1976#1065.75#1066.0"
"782;ÿ;ÿ;PRON;_;Case=Nom|Number=Sing|Person=1;_;_;_;@ztr1976-words#@ztr1976#1066.7#1067.015"
"783;ïîñòóïèëà;ïîñòóïèòü;VERB;_;Aspect=Perf|Gender=Fem|Mood=Ind|Number=Sing|Tense=Past|VerbForm=Fin|Voice=Act;_;_;_;@ztr1976-words#@ztr1976#1067.015#1067.33"
"784;íà;íà;ADP;_;_;_;_;_;@ztr1976-words#@ztr1976#1067.33#1067.645"
"785;ôèëôàê;ôèëôàê;NOUN;_;Animacy=Inan|Case=Acc|Gender=Masc|Number=Sing;_;_;_;@ztr1976-words#@ztr1976#1067.645#1067.96"
"786;äëÿ;äëÿ;ADP;_;_;_;_;_;@ztr1976-words#@ztr1976#1067.96#1068.275"
"787;òîãî;òî;PRON;_;Animacy=Inan|Case=Gen|Gender=Neut|Number=Sing;_;_;_;@ztr1976-words#@ztr1976#1068.275#1068.59"
"788;÷òîáû;÷òîáû;SCONJ;_;Mood=Cnd;_;_;_;@ztr1976-words#@ztr1976#1068.59#1068.905"
"789;ïîñëóøàòü;ïîñëóøàòü;VERB;_;Aspect=Perf|VerbForm=Inf|Voice=Act;_;_;_;@ztr1976-words#@ztr1976#1068.905#1069.22"
"790;óìíûõ;óìíûé;ADJ;_;Case=Acc|Degree=Pos|Number=Plur;_;_;_;@ztr1976-words#@ztr1976#1069.22#1069.535"
"791;ëþäåé;÷åëîâåê;NOUN;_;Animacy=Anim|Case=Acc|Gender=Masc|Number=Plur;_;_;_;@ztr1976-words#@ztr1976#1069.535#1069.85"
"792;çóáðèëà;çóáðèòü;VERB;_;Aspect=Imp|Gender=Fem|Mood=Ind|Number=Sing|Tense=Past|VerbForm=Fin|Voice=Act;_;_;_;@ztr1976-words#@ztr1976#1073.5#1073.792"
"793;áèëåòû;áèëåò;NOUN;_;Animacy=Inan|Case=Acc|Gender=Masc|Number=Plur;_;_;_;@ztr1976-words#@ztr1976#1073.792#1074.084"
"794;#îäíîâðåìåííî#;#îäíîâðåìåííî#;X;_;_;_;_;_;@ztr1976-words#@ztr1976#1074.084#1074.376"
"795;îíè;îíè;PRON;_;Case=Nom|Number=Plur|Person=3;_;_;_;@ztr1976-words#@ztr1976#1074.376#1074.668"
"796;óìíûå;óìíûé;ADJ;_;Case=Nom|Degree=Pos|Number=Plur;_;_;_;@ztr1976-words#@ztr1976#1074.668#1074.96"
"797;/;/;PUNCT;_;_;_;_;_;@ztr1976-words#@ztr1976#1074.96#1075.252"
"798;îíè;îíè;PRON;_;Case=Nom|Number=Plur|Person=3;_;_;_;@ztr1976-words#@ztr1976#1075.252#1075.544"
"799;óìíûå;óìíûé;ADJ;_;Case=Nom|Degree=Pos|Number=Plur;_;_;_;@ztr1976-words#@ztr1976#1075.544#1075.836"
"800;/;/;PUNCT;_;_;_;_;_;@ztr1976-words#@ztr1976#1075.836#1076.128"
"801;êàæäûé;êàæäûé;DET;_;Case=Nom|Gender=Masc|Number=Sing;_;_;_;@ztr1976-words#@ztr1976#1076.128#1076.42"
"802;â;â;ADP;_;_;_;_;_;@ztr1976-words#@ztr1976#1076.42#1076.712"
"803;ñâî¸ì;ñâîé;DET;_;Case=Loc|Gender=Neut|Number=Sing;_;_;_;@ztr1976-words#@ztr1976#1076.712#1077.004"
"804;ïðåäìåòå;ïðåäìåò;NOUN;_;Animacy=Inan|Case=Loc|Gender=Masc|Number=Sing;_;_;_;@ztr1976-words#@ztr1976#1077.004#1077.3"
"805;íó;íó;PART;_;_;_;_;_;@ztr1976-words#@ztr1976#1078.0#1078.177"
"806;åñëè;åñëè;SCONJ;_;_;_;_;_;@ztr1976-words#@ztr1976#1078.177#1078.354"
"807;âñìàòðèâàòüñÿ;âñìàòðèâàòüñÿ;VERB;_;Aspect=Imp|VerbForm=Inf|Voice=Mid;_;_;_;@ztr1976-words#@ztr1976#1078.354#1078.531"
"808;â;â;ADP;_;_;_;_;_;@ztr1976-words#@ztr1976#1078.531#1078.708"
"809;íèõ;îíè;PRON;_;Case=Loc|Number=Plur|Person=3;_;_;_;@ztr1976-words#@ztr1976#1078.708#1078.885"
"810;/;/;PUNCT;_;_;_;_;_;@ztr1976-words#@ztr1976#1078.885#1079.062"
"811;êîíå÷íî;êîíå÷íî;ADV;_;Degree=Pos;_;_;_;@ztr1976-words#@ztr1976#1079.062#1079.239"
"812;/;/;PUNCT;_;_;_;_;_;@ztr1976-words#@ztr1976#1079.239#1079.416"
"813;íèêòî;íèêòî;PRON;_;Case=Nom;_;_;_;@ztr1976-words#@ztr1976#1079.416#1079.593"
"814;íå;íå;PART;_;_;_;_;_;@ztr1976-words#@ztr1976#1079.593#1079.77"
"815;áåçóïðå÷åí;áåçóïðå÷íûé;ADJ;_;Degree=Pos|Gender=Masc|Number=Sing|Variant=Short;_;_;_;@ztr1976-words#@ztr1976#1079.77#1079.95"
"816;#öîêàåò#;#öîêàåò#;X;_;_;_;_;_;@ztr1976-words#@ztr1976#1080.7#1081.4"
"817;äà;äà;PART;_;_;_;_;_;@ztr1976-words#@ztr1976#1082.0#1082.216"
"818;/;/;PUNCT;_;_;_;_;_;@ztr1976-words#@ztr1976#1082.216#1082.432"
"819;è;è;CCONJ;_;_;_;_;_;@ztr1976-words#@ztr1976#1082.432#1082.648"
"820;òàì;òàì;ADV;_;Degree=Pos;_;_;_;@ztr1976-words#@ztr1976#1082.648#1082.864"
"821;/;/;PUNCT;_;_;_;_;_;@ztr1976-words#@ztr1976#1082.864#1083.08"
"822;íó;íó;PART;_;_;_;_;_;@ztr1976-words#@ztr1976#1083.08#1083.296"
"823;ñêàæåì;ñêàçàòü;VERB;_;Aspect=Imp|Mood=Ind|Number=Plur|Person=1|Tense=Fut|VerbForm=Fin|Voice=Act;_;_;_;@ztr1976-words#@ztr1976#1083.296#1083.512"
"824;/;/;PUNCT;_;_;_;_;_;@ztr1976-words#@ztr1976#1083.512#1083.728"
"825;äâà;äâà;NUM;_;Case=Nom|Gender=Masc;_;_;_;@ztr1976-words#@ztr1976#1083.728#1083.944"
"826;ïðåïîäàâàòåëÿ;ïðåïîäàâàòåëü;NOUN;_;Animacy=Anim|Case=Gen|Gender=Masc|Number=Sing;_;_;_;@ztr1976-words#@ztr1976#1083.944#1084.16"
"827;ìíå;ÿ;PRON;_;Case=Dat|Number=Sing|Person=1;_;_;_;@ztr1976-words#@ztr1976#1084.16#1084.376"
"828;î÷åíü;î÷åíü;ADV;_;Degree=Pos;_;_;_;@ztr1976-words#@ztr1976#1084.376#1084.592"
"829;ïîíðàâèëèñü;ïîíðàâèòüñÿ;VERB;_;Aspect=Perf|Mood=Ind|Number=Plur|Tense=Past|VerbForm=Fin|Voice=Mid;_;_;_;@ztr1976-words#@ztr1976#1084.592#1084.808"
"830;à;à;CCONJ;_;_;_;_;_;@ztr1976-words#@ztr1976#1084.808#1085.024"
"831;âîñåìü;âîñåìü;NUM;_;Case=Nom;_;_;_;@ztr1976-words#@ztr1976#1085.024#1085.24"
"832;íå;íå;PART;_;_;_;_;_;@ztr1976-words#@ztr1976#1085.24#1085.456"
"833;ïîíðàâèëèñü;ïîíðàâèòüñÿ;VERB;_;Aspect=Perf|Mood=Ind|Number=Plur|Tense=Past|VerbForm=Fin|Voice=Mid;_;_;_;@ztr1976-words#@ztr1976#1085.456#1085.672"
"834;âîîáùå;âîîáùå;ADV;_;Degree=Pos;_;_;_;@ztr1976-words#@ztr1976#1085.672#1085.9"
"835;íó;íó;PART;_;_;_;_;_;@ztr1976-words#@ztr1976#1088.0#1088.302"
"836;è;è;CCONJ;_;_;_;_;_;@ztr1976-words#@ztr1976#1088.302#1088.604"
"837;ýòî;ýòî;PRON;_;Animacy=Inan|Case=Nom|Gender=Neut|Number=Sing;_;_;_;@ztr1976-words#@ztr1976#1088.604#1088.906"
"838;áûëî;áûòü;AUX;_;Aspect=Imp|Gender=Neut|Mood=Ind|Number=Sing|Tense=Past|VerbForm=Fin|Voice=Act;_;_;_;@ztr1976-words#@ztr1976#1088.906#1089.208"
"839;äîñòàòî÷íî;äîñòàòî÷íî;ADV;_;Degree=Pos;_;_;_;@ztr1976-words#@ztr1976#1089.208#1089.51"
"840;òÿæåëî;òÿæåëûé;ADJ;_;Degree=Pos|Gender=Neut|Number=Sing|Variant=Short;_;_;_;@ztr1976-words#@ztr1976#1089.51#1089.812"
"841;/;/;PUNCT;_;_;_;_;_;@ztr1976-words#@ztr1976#1089.812#1090.114"
"842;ÿ;ÿ;PRON;_;Case=Nom|Number=Sing|Person=1;_;_;_;@ztr1976-words#@ztr1976#1090.114#1090.416"
"843;æå;æå;PART;_;_;_;_;_;@ztr1976-words#@ztr1976#1090.416#1090.718"
"844;ïîñòóïèëà;ïîñòóïèòü;VERB;_;Aspect=Perf|Gender=Fem|Mood=Ind|Number=Sing|Tense=Past|VerbForm=Fin|Voice=Act;_;_;_;@ztr1976-words#@ztr1976#1090.718#1091.02"
"845;íà;íà;ADP;_;_;_;_;_;@ztr1976-words#@ztr1976#1091.02#1091.322"
"846;ýý;ýý;INTJ;_;_;_;_;_;@ztr1976-words#@ztr1976#1091.322#1091.624"
"847;ìíå;ÿ;PRON;_;Case=Dat|Number=Sing|Person=1;_;_;_;@ztr1976-words#@ztr1976#1091.624#1091.926"
"848;áûëî;áûòü;VERB;_;Aspect=Imp|Gender=Neut|Mood=Ind|Number=Sing|Tense=Past|VerbForm=Fin|Voice=Act;_;_;_;@ztr1976-words#@ztr1976#1091.926#1092.228"
"849;äâàäöàòü;äâàäöàòü;NUM;_;Case=Nom;_;_;_;@ztr1976-words#@ztr1976#1092.228#1092.53"
"850;âîñåìü;âîñåìü;NUM;_;Case=Nom;_;_;_;@ztr1976-words#@ztr1976#1092.53#1092.832"
"851;à;à;CCONJ;_;_;_;_;_;@ztr1976-words#@ztr1976#1092.832#1093.134"
"852;ìîèì;ìîé;DET;_;Case=Dat|Number=Plur;_;_;_;@ztr1976-words#@ztr1976#1093.134#1093.436"
"853;îäíîêóðñíèêàì;îäíîêóðñíèê;NOUN;_;Animacy=Anim|Case=Dat|Gender=Masc|Number=Plur;_;_;_;@ztr1976-words#@ztr1976#1093.436#1093.738"
"854;/;/;PUNCT;_;_;_;_;_;@ztr1976-words#@ztr1976#1093.738#1094.04"
"855;ñåìíàäöàòü;ñåìíàäöàòü;NUM;_;Case=Nom;_;_;_;@ztr1976-words#@ztr1976#1094.04#1094.35"
"856;ýòî;ýòî;PRON;_;Animacy=Inan|Case=Nom|Gender=Neut|Number=Sing;_;_;_;@ztr1976-words#@ztr1976#1095.0#1095.3"
"857;áûëî;áûòü;AUX;_;Aspect=Imp|Gender=Neut|Mood=Ind|Number=Sing|Tense=Past|VerbForm=Fin|Voice=Act;_;_;_;@ztr1976-words#@ztr1976#1095.3#1095.6"
"858;äàâëåíèå;äàâëåíèå;NOUN;_;Animacy=Inan|Case=Nom|Gender=Neut|Number=Sing;_;_;_;@ztr1976-words#@ztr1976#1095.6#1095.9"
"859;äàâëåíèå;äàâëåíèå;NOUN;_;Animacy=Inan|Case=Nom|Gender=Neut|Number=Sing;_;_;_;@ztr1976-words#@ztr1976#1098.4#1098.636"
"860;íó;íó;PART;_;_;_;_;_;@ztr1976-words#@ztr1976#1098.636#1098.872"
"861;/;/;PUNCT;_;_;_;_;_;@ztr1976-words#@ztr1976#1098.872#1099.108"
"862;ìíå;ÿ;PRON;_;Case=Dat|Number=Sing|Person=1;_;_;_;@ztr1976-words#@ztr1976#1099.108#1099.344"
"863;êàæåòñÿ;êàçàòüñÿ;VERB;_;Aspect=Imp|Mood=Ind|Number=Sing|Person=3|Tense=Pres|VerbForm=Fin|Voice=Mid;_;_;_;@ztr1976-words#@ztr1976#1099.344#1099.58"
"864;ÿ;ÿ;PRON;_;Case=Nom|Number=Sing|Person=1;_;_;_;@ztr1976-words#@ztr1976#1099.58#1099.816"
"865;ñ;ñ;ADP;_;_;_;_;_;@ztr1976-words#@ztr1976#1099.816#1100.052"
"866;íèì;îí;PRON;_;Case=Ins|Gender=Masc|Number=Sing|Person=3;_;_;_;@ztr1976-words#@ztr1976#1100.052#1100.288"
"867;áîëåå;áîëåå;ADV;_;Degree=Cmp;_;_;_;@ztr1976-words#@ztr1976#1100.288#1100.524"
"868;ìåíåå;ìåíåå;ADV;_;Degree=Cmp;_;_;_;@ztr1976-words#@ztr1976#1100.524#1100.76"
"869;ñïðàâëÿëàñü;ñïðàâëÿòüñÿ;VERB;_;Aspect=Imp|Gender=Fem|Mood=Ind|Number=Sing|Tense=Past|VerbForm=Fin|Voice=Pass;_;_;_;@ztr1976-words#@ztr1976#1100.76#1101.0"
"870;íó;íó;PART;_;_;_;_;_;@ztr1976-words#@ztr1976#1101.5#1101.743"
"871;äà;äà;PART;_;_;_;_;_;@ztr1976-words#@ztr1976#1101.743#1101.986"
"872;/;/;PUNCT;_;_;_;_;_;@ztr1976-words#@ztr1976#1101.986#1102.229"
"873;ÿ;ÿ;PRON;_;Case=Nom|Number=Sing|Person=1;_;_;_;@ztr1976-words#@ztr1976#1102.229#1102.472"
"874;â;â;ADP;_;_;_;_;_;@ztr1976-words#@ztr1976#1102.472#1102.715"
"875;íåêîòîðîì;íåêîòîðûé;DET;_;Case=Loc|Gender=Masc|Number=Sing;_;_;_;@ztr1976-words#@ztr1976#1102.715#1102.958"
"876;ñìûñëå;ñìûñë;NOUN;_;Animacy=Inan|Case=Loc|Gender=Masc|Number=Sing;_;_;_;@ztr1976-words#@ztr1976#1102.958#1103.201"
"877;ðàçî÷àðîâàëàñü;ðàçî÷àðîâàòüñÿ;VERB;_;Aspect=Imp|Gender=Fem|Mood=Ind|Number=Sing|Tense=Past|VerbForm=Fin|Voice=Pass;_;_;_;@ztr1976-words#@ztr1976#1103.201#1103.45"
"878;ýòî;ýòî;PRON;_;Animacy=Inan|Case=Nom|Gender=Neut|Number=Sing;_;_;_;@ztr1976-words#@ztr1976#1104.35#1104.681"
"879;íå;íå;PART;_;_;_;_;_;@ztr1976-words#@ztr1976#1104.681#1105.012"
"880;/;/;PUNCT;_;_;_;_;_;@ztr1976-words#@ztr1976#1105.012#1105.343"
"881;òî;òî;SCONJ;_;_;_;_;_;@ztr1976-words#@ztr1976#1105.343#1105.674"
"882;/;/;PUNCT;_;_;_;_;_;@ztr1976-words#@ztr1976#1105.674#1106.005"
"883;çà÷åì;çà÷åì;ADV;_;Degree=Pos;_;_;_;@ztr1976-words#@ztr1976#1106.005#1106.336"
"884;ÿ;ÿ;PRON;_;Case=Nom|Number=Sing|Person=1;_;_;_;@ztr1976-words#@ztr1976#1106.336#1106.667"
"885;øëà;èäòè;VERB;_;Aspect=Imp|Gender=Fem|Mood=Ind|Number=Sing|Tense=Past|VerbForm=Fin|Voice=Act;_;_;_;@ztr1976-words#@ztr1976#1106.667#1107.0"
